Leto,Datum,Napis na kaseti,ostalo,Oseba,skatla
2001,23.11.2001,R.Vitchin: Mapping cyberspace (2. del): 21',1 kaseta,Rob Kitchin,06_Kognitivna
2001,11.-12.1.2001,"Simpozij: Rekonstruirana fikcija, Rob Kitchin part 1",,Rob Kitchin,06_Kognitivna
2002,18.2.2002,"E-literatura, Jaka Železnikar",,Jaka Železnikar,06_Kognitivna
2002,21.-22.3.2002,Ambasada ZDA / Mirovni protest Kongresni,,,06_Kognitivna
2002,,Maja Sunčič '02,,Maja Sunčič,06_Kognitivna
2003,13.2.2003,Sergej Berišaj - Voodoo DO Geforce Predavanje,,Sergej Berisaj,04_Dokumentacija-projektor
2003,18.5.2003,"Ditze Staun, Kiberpipa",,,06_Kognitivna
2003,3.2003,"Maja Sunčič: Electrotalk (2. del), 29'",,Maja Sunčič,06_Kognitivna
2003,23.3.2003,Demonstracije proti vojni podkupnini,,,06_Kognitivna
2004,25.3.2004,Intelekt. lastnica A. Tori,,Andraz Tori,04_Dokumentacija-projektor
2004,11.4.2005,"Cinelerra 2, Tori 2/2",,,04_Dokumentacija-projektor
2004,11.4.2005,"Cinelerra 2, Tori 1/2",,,04_Dokumentacija-projektor
2004,15.5.2004,"Socialna ekologija, 01:05",,,06_Kognitivna
2004,"21., 23., 24. 4. 2004",Eko konferenca / M. za okolje/ Eko protest,,,06_Kognitivna
2004,25.10.2004,"Collettivo Situaciones, Argentina, 1/2, Maribor",,,06_Kognitivna
2004,25.10.2004,"Collettivo Situaciones, Argentina, 2/2, Maribor",,,06_Kognitivna
2004,26.2. in 15.-20.3. 2004,Izbrisani DEMOS / Leto vojne,,,06_Kognitivna
2004,20.3.2004 / 30. 9. 2004,Leto vojne - Lj / Fosilni dinozaver Lj,,,06_Kognitivna
2004,23.06.04,Tranzistors Four?,,,13_Predstavitev pipe
2005,24.5.2005,J. Čuhalev - Stanje linux desktopa (Hevreka),´00:43:40,Jure Čuhalev,12_Spletne urice
2005,6.12.2005,"Spletne urice: Odgovornost ponudnikov spletnih strani, by Boštjan Berčič, TCIE",´01:15 LP,Bostjan Bercic,12_Spletne urice
2005,18. 4. 2005,Tori: Cinelerra 3-2,´00:11:53,Andraž Tori,12_Spletne urice
2005,25.1.2005,"VIP#6 Robert Rolih, kamera 2, 2/2",,Robert Rolih,01_VIP
2005,5.4.2005,"POT: Kdevelop, David Klasinc, 00:00-25:70, Daša, vaja, 17.4.2005; 25:70-46:59",,David Klasinc,02_POT
2005,7.12.2005,"POT: Improliga (teden direktive o retenciji podatkov), Martin R",,Martin R,02_POT
2005,25.10.2005,"POT: dr. Gregor Petrač, Demokratični potencial - organizacije informacij v spletu",,Gregor Petrač,02_POT
2005,15.3.2005,"Hacking Linksys & Xbox, Jans Kűhnel, 1/1",,Jans Kűhn,02_POT
2005,10.5.2005,"Daniel Fischer Gstreamer (1/2), daše, vaje 2, 2.5.2005, 28 min, boštjan",,Daniel Fischer,04_Dokumentacija-projektor
2005,8.12.2005,"OK. miza  - direkt. o retenciji komunik podatkov 0-15 min 2/2, 2 ",,,04_Dokumentacija-projektor
2005,20.4.2005,"Barbara: Audacity - delavnica, cela",,,04_Dokumentacija-projektor
2005,19.4.2005,"Barbara: Audacity 2/2, 8:10:00",,,04_Dokumentacija-projektor
2005,19.4.2005,"Barbara: Audacity 1/2, cela",,,04_Dokumentacija-projektor
2005,4.4.2005,"Cinelerra 1, 2/2, Andraž Tori, Koevelop, David Klasinc, 1/2, 5.4.2005 16:48 - konec",,"Andraz Tori, David Klasinc",04_Dokumentacija-projektor
2005,4.4.2005,"Cinelerra 1, 1/2, Andraž Tori",,Andraz Tori,04_Dokumentacija-projektor
2005,24.3.2005,DASH Tactical MU,,,04_Dokumentacija-projektor
2005,24.3.2005,DASH Tactical MU,,,04_Dokumentacija-projektor
2005,24.3.2005,DASH Tactical M,,,04_Dokumentacija-projektor
2005,13.10.2005,"Kognitivna konferenca IJS, Igor Kononenko, Mari Jože Osredkar, Zoran Mihajlović",,,06_Kognitivna
2005,13.10.2005,"Kognitivna konferenca IJS, Stanko Gergolj (2/2), Tomaž Strgar, Matjaž Ambrožič",,,06_Kognitivna
2005,13.10.2005,"Kognitivna konferenca IJS, Drago K. Ocvirk, Primož Škoberne",,,06_Kognitivna
2005,13.10.2005,"Kognitivna konferenca IJS, Vesna Periček Krapež, Robert Petkovšek, Stanko Gergolj (1/2)",,,06_Kognitivna
2005,13.10.2005,"Kognitivna konferenca IJS, Okrogla miza 1",,,06_Kognitivna
2005,13.10.2005,"Kognitivna konferenca IJS, Zoran Mihajlović (3 min.), Darja Cveh Mihajlović, Barbara Novak Škarje, Janez Musek + 10 min. okrogla miza",,,06_Kognitivna
2005,13.10.2005,"Kognitivna konferenca IJS, Okrogla miza 2",,,06_Kognitivna
2005,13.10.2005,"Kognitivna konferenca IJS, Jurij Tošič & Janez Musek, Matjaž Gams, Janez Musek",,,06_Kognitivna
2005,25.1.2005,"Install fest, Kaseta 8, Varnost - Jure Koren 00:24:00, Igre Polž 24:00 -",,,06_Kognitivna
2005,29.1.2005,"Linux fest 11, Kaseta 7, Ugriznimo v jedro 00-36', Kaseta 7, Janez Trenz, Varnost - Jure Koren, 36'-1h02'",,,06_Kognitivna
2005,29.1.2005,"Linux fest 11, Kaseta 6, Strežniki, Andraž Sraka, 0'0-37 32''",,Andraž Sraka,06_Kognitivna
2005,29.1.2005,"Linux fest 11, Kaseta 5, Mreža, Rok Papež, 0-22:07, Samba, Stojan Rančič, 22:07-1:02:00",,"Rok Papez, Stojan Rancic",06_Kognitivna
2005,29.1.2005,"Install fest Pingo, Kaseta 2, Uvod v pingo, Aleš Košir, Namizje Nejc Škoberne",,"Ales Kosir, Nejc Skoberne",06_Kognitivna
2005,29.1.2005,"Linux fest 11, Kaseta 1, Uvod v pingo, Aleš Košir, namestitev",,Aleš Košir,06_Kognitivna
2005,29.1.2005,"Linux fest 11, Kaseta 3, Namizje, Nejc Škoberne 00-29:58, ?? Sound, Miha Tomšič 29:58",,"Nejc Skoberne, Miha Tomsic",06_Kognitivna
2005,29.11.2005,"Linux fest 11, kaseta 4 Sound, Miha Tomšič 0-20:47, Mreža, Rok Papež 20.47-",,"Miha Tomsic, Rok Papez",06_Kognitivna
2005,1.6.2005,"Metelkova Rušitev Gam, 0:00-9:05",,,06_Kognitivna
2005,18.2.2005,? ?; boštjan,,,06_Kognitivna
2005,29.9.2005,OO.org and XUL - embeding Gecko in 000.org Stephen Schäfer,,Stephen Schäfer,10_00oCON2005 Koper
2005,30.9.2005,OOoCON - Doing QA at Openoffice Joost Andrae 00:46:00,,Joost Andrae,10_00oCON2005 Koper
2005,30.9.2005,OOoCON - Koper Gledališče TheOpenoffice.org ECDL Angelka Goezlser,,Angelka Goezsler,10_00oCON2005 Koper
2005,20.9.2005,OOoCON - Intervju z organizatorji,,,10_00oCON2005 Koper
2005,29.9.2005,"OOoCON - Dha Nan Jay Kesear Michael Leibovitz, Profiling, tools approaches",,Dha Nan Jay Kesear Michael Leibovitz,10_00oCON2005 Koper
2005,29.9.2005,OOoCON.ORG - The Cairo Canvas backend Radek Doalik,,Radek Doalik,10_00oCON2005 Koper
2005,29.9.2005,"Koper, OOOCON, gledališče, Mala dvorana Openoffice.org in Vienna city administration",,,10_00oCON2005 Koper
2005,30.9.2005,"Koper, OOOCON, gledališče, Openoffice.org in Slovenian High Schools",,Renato Lukač,10_00oCON2005 Koper
2005,30.9.2005,"Koper, OOOCON, gledališče, Introducing opensource SW - including openoffice.org into Slovenian schools",,Mojca Tomažin,10_00oCON2005 Koper
2005,29.9.2005,"Koper, OOOCON, gledališče, gledališče What's new in ooo 2.0 and staroffice 8?",,Erwin Tenhumberg,10_00oCON2005 Koper
2005,29.9.2005,"Tiskovka OOOconf 2005, Koper",,,10_00oCON2005 Koper
2005,30.9.2005,OOOCON Interviews Janek ?? #2,,,10_00oCON2005 Koper
2005,27-09-28.09.2005,"OOOCON Interview #1 Louis Suarez 0-10:42, Erwin Tenhumberg, Andre Schäbel ",,"Louis Suarez Potts, Erwin Tenhumberg, Andre Schäbel",10_00oCON2005 Koper
2005,30.9.2005,OOoconf E-education on the national level Urska KEY2/2,,,10_00oCON2005 Koper
2005,30.9.2005,"OOOCON Koper, gledališče, Lowering the barriers in education Carrera?",,Carrera?,10_00oCON2005 Koper
2005,29.9.2005,"OOOCON Koper, gledališče Commercial solutions based on office.org",,Erwin Tenhumberg,10_00oCON2005 Koper
2005,30.9.2005,OOOCON Interviews #2 Tim Bray Charles Schula,,"Tim Bray, Charles Schula",10_00oCON2005 Koper
2005,29.9.2005,"OOOCON Koper, gledališče Organizational and psychological determinants of ooffice adoption Salvatore Zappola & Maurizio Berti",,Salvatore Zappola & Maurizio Berti,10_00oCON2005 Koper
2005,29.9.2005,Pavel Janik Community report,,Pavel Janik,10_00oCON2005 Koper
2005,30.9.2005,OOoCON 2005 Ure living all over me Stephan Bergmann,,Stephan Bergmann,10_00oCON2005 Koper
2005,30.9.2005,OOOCON - Add-ons from production to end users (Laurent Godard) TCIE 00:42:45,,Laurent Godard,10_00oCON2005 Koper
2005,30.9.2005,OOOCON - Foss participation in te developing world Danese Cooper 00:59:30 TCIE,,Danese Cooper,10_00oCON2005 Koper
2005,30.9.2005,OO.org.com OOo.org and the AMD G4 platform Jan Holesovsky,,Jan Holesovsky,10_00oCON2005 Koper
2005,29.9.2005,"Koper, gledališče Uvod OOOCON + Tim Bray",,Tim Bray,10_00oCON2005 Koper
2005,29.9.2005,Andre Schnabel Entering the community,,Andre Schabel,10_00oCON2005 Koper
2005,29.9.2005,OOoConferenca Deploying OOo.org extensions through UNO packages Paulo Mantovani,,Paulo Mantovani,10_00oCON2005 Koper
2005,29.9.2005,"Canon kamero, OpenOffice.org Conference 2005 Eric Bachard - OOO OSX PORT",,Eric Bachard,10_00oCON2005 Koper
2005,29.9.2005,OOOCON Eike Rathke Localication,,Eike Rathke,10_00oCON2005 Koper
2005,30.9.2005,"OOo development: next steps, next level Mathias Bauer",,Mathias Bauer,10_00oCON2005 Koper
2005,30.9.2005,"OOocom OO.org - slow, bloatool? Michael Meeks",,Michael Meeks,10_00oCON2005 Koper
2005,29.9.2005,"OOCON Koper, gledališče Introducion to openoffice.org Macro development Ian Craig LAurenson",,Ian Craig Laurenson,10_00oCON2005 Koper
2005,30.9.2005,OOOCON Zaključna okrogla miza,,,10_00oCON2005 Koper
2005,29.9.2005,"Community Neznan, nenajavljen Norman 11' Daniel Nabor - Language tool",,Daniel Nabor,10_00oCON2005 Koper
2005,29.9.2005,Daniel Nabor - Lingucomponent Adam Rambousek - Localisation OOoCON 2005,,Adam Rambousek,10_00oCON2005 Koper
2005,30.9.2005,KEY 1/2 Should I adopt OOo? Prof Giancarla Succi OOoconf '05,,Giancarla Succi,10_00oCON2005 Koper
2005,29.9.2005,OUT OF RECORD! Imagining an OOo foundation OOOCON '05 gledališče,,,10_00oCON2005 Koper
2005,29.9.2005,"OOOCON Koper, gledališče Cambodia - re-computerization of the country based on office 2.0 Janer Sola",,Janer Sola,10_00oCON2005 Koper
2005,29.9.2005,The state of the project Louis Suarez - Potts,,Louis Suarez - Potts,10_00oCON2005 Koper
2005,29.9.2005,1. Localising OpenOffice.org Monica Badia 2. The localisation process Alessandro Cattelan,,Alessandro Cattelan,10_00oCON2005 Koper
2005,29.9.2005,OOOCON Florian Reuter Usage of open document Interfales in openoffice writel (?,,Florian Reuter,10_00oCON2005 Koper
2005,1.3.2005,"SU Flash novosti, 35 min",,,12_Spletne urice
2005,5.10.2005,"SU Php v času terorizma, Jure Koren",,Jure Koren,12_Spletne urice
2005,15.3.2005,"Hacking X-box, Jens Kühnel, 1/2",,Jens Kűhnel,12_Spletne urice
2005,15.3.2005,"Hacking X-box, Jens Kühnel, 2/2",,Jens Kűhnel,12_Spletne urice
2005,2.3.2005,Okrogla miza SW patents 1,,,12_Spletne urice
2005,2.3.2005,Okrogla miza SW patents 2,,,12_Spletne urice
2005,18. 4. 2005,Tori: Cinelerra 3-1 cela,,Andraž Tori,12_Spletne urice
2005,13.12.2005,"Žiga von Ljudmila: Prihodnost CMS, 1/2, cela",,Ziga Kranjec,12_Spletne urice
2005,13.12.2005,"Žiga von Ljudmila: Prihodnost CMS, 2/2, cela",,Ziga Kranjec,12_Spletne urice
2005,16.2.2005,"SU: Ajax by Fry, Zakaj sem obupal nad Ajaxom, cela, 1/2",,Marko Mrdjenovic,12_Spletne urice
2005,16.2.2005,"SU: Fry: Ajax ( Zakaj sem obupal nad Ajaxom), 10 min, 2/2",,Marko Mrdjenovic,12_Spletne urice
2005,28.2.2005,"Blender delavnica, Matija Abram, 7 min, 2/2",,Matija Abram,12_Spletne urice
2005,14.12.2005,"SU: Spletne storitve, 0-0:35",,,12_Spletne urice
2005,9.11.2005,"Spletne urice: Virtualne komune, 0-34 min",,,12_Spletne urice
2005,8.12.2005,"Okrogla miza: Direktiva o retenciji komunikacijskih podatkov, cela, 1/2",,,12_Spletne urice
2005,23.12.2005,"Ojdius, drugi del",,,13_Predstavitev pipe
2005,3.6.2005,"Dasa, 3. vaja, sanomal(?), Boštjan, 27m",,,13_Predstavitev pipe
2005,9.10.2005,Ojdipus,,,13_Predstavitev pipe
2005,10.10.2005,"NAP - Kako predstaviti računalniško umetnost, 00:46:50, TCIE",,,13_Predstavitev pipe
2005,1.7.2005,Ana Desetnica,,,13_Predstavitev pipe
2005,25.3.2005,"Aleš Košir (Hevreka), Antene za brezžična omrežja WiFi, 1. del, 100",,Aleš Košir,13_Predstavitev pipe
2005,25.5.2005,"0:38, Mreža multimedijskih centrov Slovenije, snemal Peter Č., 2. del",,,13_Predstavitev pipe
2005,25.3.2005,"Aleš Košir (Hevreka), Antene za brezžična omrežja WiFi, 2. del, 29:31 min",,Aleš Košir,13_Predstavitev pipe
2005,2.6.2005,"Predstavitev k.pipe na M3C, 1:00:00",,,13_Predstavitev pipe
2005,16.11.2005,Spletne urice: Dinamične flash strani (FRY) CELA,,,15_SU
2005,23.11.2005,Spletne urice #8: Harnessing the Mozilla platform,,,15_SU
2005,20.11.2005,"Spletne urice: Marko Samatur, Nevsiljivi Javascript",,Marko Samatur,15_SU
2005,10.4.2005,"K.P. tiskovna konferenca, 00:24:00, Daniel Fischer 10. 5. 2005; Flash 2 XML, 24:00 - 1:02:00",,,04_Dokumentacija-projektor
2005,,OOOCON - Developing for open.o Martin Hollmichel 00:50:10 TCIE na koncu je #2 par minut M.Bogataj - cc,,Martin Hollmichel,10_00oCON2005 Koper
2006,25.1.2006,"Ozren Škondrič: Blog, 1/2, TCIE, #1",´01:02:00,Ozren Škodrič,12_Spletne urice
2006,25.1.2006,"Ozren Škondrič: Blog, 2/2, TCIE, #2",´00:17:00,Ozren Škodrič,12_Spletne urice
2006,23.11.2006,"E.Pintar, 3. kamera, Boštjan Špetič, 2",,Erazem Pintar,01_VIP
2006,23.11.2006,"E.Pintar, 3. kamera, Boštjan Špetič, 1",,Erazem Pintar,01_VIP
2006,23.11.2006,Erazem VIP#3 KAM1 3/3,,Erazem Pintar,01_VIP
2006,23.11.2006,VIP#3 KAS2 KAM2,,,01_VIP
2006,23.11.2006,VIP#3 KAM1 KAS1 2/3,,,01_VIP
2006,23.11.2006,VIP#3 Erazem Pintar KAM1 KAS2 2/3 ~30 min.,,Erazem Pintar,01_VIP
2006,7.12.2006,VIP#4 Kogovšek KAM1 #1,,Luka Kogovšek,01_VIP
2006,7.12.2006,VIP#4 Kogovšek KAM1 #2,,Luka Kogovšek,01_VIP
2006,7.12.2006,VIP#4 KAM2 kas2,,,01_VIP
2006,7.12.2006,VIP#4 KAM2 kas1,,,01_VIP
2006,23.11.2006,"VIP#3 Erazem Pintar kamera 2, kaseta 1",,Erazem Pint,01_VIP
2006,17.1.2006,"POT Ivan Leben: OpenGL, 1/2",,Ivan Leben,02_POT
2006,17.1.2006,"POT Ivan Leben: OpenGL, 2/2, ~ 5 min",,Ivan Leben,02_POT
2006,12.12.2006,POT SPAM,,,02_POT
2006,20.1.2006,"Tiskovna konferenca M3C 00:36:00, TCIE Skatey",,,04_Dokumentacija-projektor
2006,16.6.2006,ŠOU novinarska konferenca,,,04_Dokumentacija-projektor
2006,6.2.2006,"Safe.si : Dan varne rabe interneta, ob 15h",,,04_Dokumentacija-projektor
2006,30.1.2006,"May - linux šola nadaljevanje 20 min, Popotovanje intervju z Dašo ",,,04_Dokumentacija-projektor
2006,4.12.2006,"BIO KIBERNETIKA Damjan Miklavčič, Uvodno predavanje",,Damjan Miklavčič,06_Kognitivna
2006,11.5.2006,"Prizma: Srečanje ljubiteljev znanstvene fantastike, Douglas Adams, 1/2",,,06_Kognitivna
2006,11.5.2006,"MFRU Jaka Železnikar, OpenLine Pripovednosti / Narratives",,,06_Kognitivna
2006,11.5.2006,"MFRU Mauro Arrighi, čet 15h, cela",,Mauro Arrighi,06_Kognitivna
2006,9.5.2006,"MFRU: Annja Krautgasser IP-III, 30 min",,Annja Krautgasser,06_Kognitivna
2006,12.9.2006,Google summer of code,,Zaheda Bhorat,07_Open Office 2006
2006,12.9.2006,OpenOffice/RedOffice in China,,u Caiyong,07_Open Office 2006
2006,12.9.2006,Clocks and threads __,,Berjam Stephnen,07_Open Office 2006
2006,12.9.2006,MacOS X poling: the next step,,Eric Bachard,07_Open Office 2006
2006,12.9.2006,Run through the jungle,,Bever Mathlas,07_Open Office 2006
2006,12.9.2006,OOo documentation - online help and beyond,,Franck Peters & Fischer,07_Open Office 2006
2006,12.9.2006,OpenOffice 2x and beyond,,Erwin Tenhumberg,07_Open Office 2006
2006,12.9.2006,"Spreadsheet compatibility, functions, backwards and sideways",,Jody Goldberg,07_Open Office 2006
2006,12.9.2006,Building OpenOffice.org - what---,,Pavel Janik,07_Open Office 2006
2006,12.9.2006,Why OpenOffice,,John Maccreesh,07_Open Office 2006
2006,12.9.2006,Introduction to OpenOffice.org scripting features,,Lanrent Godard??,07_Open Office 2006
2006,12.9.2006,WordForge - localization unfrastructure for everyone,,Dwayne Bailey,07_Open Office 2006
2006,12.9.2006,Discovering the new char module,,P. A. Galmes & B. Milcke,07_Open Office 2006
2006,12.9.2006,Visual Identity of OOO now and in future,,Bernard Dippold,07_Open Office 2006
2006,12.9.2006,Clearing up OOO multithreading,,Rawme Kay,07_Open Office 2006
2006,12.9.2006,Buliding global developer comunities for openOffice.org,,Louis Suarec Potts,07_Open Office 2006
2006,12.9.2006,OpenOffice.org preformance improvements,,Hamilton: X. Yu &. Leibowit,07_Open Office 2006
2006,12.9.2006,State of the project,,Louis Suarec Potts,07_Open Office 2006
2006,12.9.2006,VBA Interoperability,,Peter Noel Grilles Bignebat,07_Open Office 2006
2006,12.9.2006,Interview,,,07_Open Office 2006
2006,12.9.2006,Redaction tool for office automation,,Garnett Yeats,07_Open Office 2006
2006,12.9.2006,"Modular building, splitting the build",,Caolar Mc Nanza,07_Open Office 2006
2006,12.9.2006,Lighting fast startup,,Michael Meeks,07_Open Office 2006
2006,12.9.2006,Brazil?? - a state of success case,,Ferreria flho??,07_Open Office 2006
2006,12.9.2006,The novell migration to ooo,,Debra Andrson,07_Open Office 2006
2006,12.9.2006,Developing and improving OpenOffice dictionaries,,Jean-Elie e Corre,07_Open Office 2006
2006,12.9.2006,G-Stream on OpenOffice,,Cedric Bosdonwat & Radek Doulik,07_Open Office 2006
2006,12.9.2006,Open document revolution,,E. Gutentag & Bob Sutor,07_Open Office 2006
2006,12.9.2006,OpenOffice.org ang GNU linux distribution,,Rene Engelhard,07_Open Office 2006
2006,12.9.2006,OpenOffice.org Builded infrastructure,,Michael Bacman??,07_Open Office 2006
2006,13.9.2006,C++ dev with OOO,,Thorsen Behrens,07_Open Office 2006
2006,13.9.2006,From trained monkey to google SoC mentor,,Frideich Skrba,07_Open Office 2006
2006,13.9.2006,Building OOO with Jan??,,Kai Backman,07_Open Office 2006
2006,13.9.2006,Moving OOO to XCancvas,,Thorsten Behrens,07_Open Office 2006
2006,13.9.2006,Open document revolution,,E. Gutentag & Bob Sutor,07_Open Office 2006
2006,13.9.2006,Geting Introduced to URE,,Cedric Bosdonwat,07_Open Office 2006
2006,13.9.2006,What open source lovers wnat?,,"Christian Driga, Erwin Tenhumberg",07_Open Office 2006
2006,13.9.2006,XML Based filters in OpenOffice.org,,Sante Schubert,07_Open Office 2006
2006,13.9.2006,"Open document/ISO/IEC26300: The present, and the future",,Michael  Bauer,07_Open Office 2006
2006,13.9.2006,OpenOffice .rog and odf accesibility,,Jc Br**mier & Maur Timmermann,07_Open Office 2006
2006,13.9.2006,Tech comparison: OXML vs MS OXML,,Bob Wein,07_Open Office 2006
2006,13.9.2006,The openOffice.org specification process denystified??,,"Christian Janse, Tina Rad??, Joerg Sievees",07_Open Office 2006
2006,13.9.2006,OOO Extensions Fn??,,Jurven Schmidt,07_Open Office 2006
2006,13.9.2006,OpenOffice.org an indian success story,,Rkus Raman,07_Open Office 2006
2006,13.9.2006,???,,Dogles Heintzman,07_Open Office 2006
2006,13.9.2006,,,,07_Open Office 2006
2006,13.9.2006,,,,07_Open Office 2006
2006,13.9.2006,,,,07_Open Office 2006
2006,13.9.2006,07_Open Office 2006,,,
2006,25. 10. 2006,SU-TripTracker.com 2/2,,Gregor Rebolj,09_Sheet7
2006,20. 10. 2006,HAIP soniqSQUIRREL.net,,Marc Widmer,09_Sheet7
2006,18.1.2006,SU: Merjenje obisk. sple. strani - cela -,,,11_MOMOSLO_SU
2006,19.4.2006,"Simon Belak, Turbo Gears, 12 min, 2/2",,Simon Belak,12_Spletne urice
2006,15.3.2006,"SU Fry: Ruby, 7 min",,,12_Spletne urice
2006,12.11.2006,"Spletne urice Fry: JS SRT, 45 min",,,12_Spletne urice
2006,15.11.2006,"SU Simon Belak Continuations, 140 min",,Simon Belak,12_Spletne urice
2006,1.2.2006,"SU: SV6 VS Canvas, Ivan Leben, Kamera: Nena?",,Ivan Leben,12_Spletne urice
2006,6.12.2006,"SU: Okrogla miza Avtentikacija 1/2, Tori - Sony",,,12_Spletne urice
2006,6.12.2006,"SU: Okrogla miza Avtentikacija 2/2, Tori - Sony",,,12_Spletne urice
2006,11.1.2006,"SU: Gisselle GIS pregled, Miha Kadunc, cela, 50 min 20 sec",,Miha Kadunc,12_Spletne urice
2006,22.3.2006,"SU: Razvoj iger z J2ME, 51 min",,,12_Spletne urice
2006,8.3.2006,"Markos - ipod spletne urice, cela",,,12_Spletne urice
2006,10.5.2006,"SU: Koren, Tiskanje brez CSS, 40 min",,Jure Koren,12_Spletne urice
2006,15.3.2006,"SU: Fry - Ruby on rails, cela",,,12_Spletne urice
2006,7.11.2006,"SU: Od česa lahko živijo spletne skupnosti, cela",,,12_Spletne urice
2006,13.12.2006 ?,SU: Grafično oblikovanje,,,12_Spletne urice
2006,19.4.2006,"SU: Simon Belak, Turbo Gears, 1/2, cela",,Simon Belak,12_Spletne urice
2006,17.10.2006,"SU: Daniel Fisher, XIPH, 140 min",,Daniel Fisher,12_Spletne urice
2006,26.4.2006,"SU: Ajax Delavnica, 2/2, Marko Samastur & Marko Mrdjonović, 130 min",,"Marko Samastur, Marko Mrdjonovič",12_Spletne urice
2006,18.5.2006,"SU: Elementi upor. izkušnje, 1/2, ",,,12_Spletne urice
2006,20.10.06,"Haip, Franj Barknecht, Faltig",,,13_Predstavitev pipe
2006,20.10.06,Haip Slavko Glamočanin: Naprava + Funkfeuer,,Slavko Glamočanin,13_Predstavitev pipe
2006,18.10.06,Haip Maold ZFO,,,13_Predstavitev pipe
2006,2.3.2006,"Monochrom: Nič moči za teorijo in/ali prakso, 1/2",,,13_Predstavitev pipe
2006,2.3.2006,"Monochrom: Nič moči za teorijo in/ali prakso, part 2",,,13_Predstavitev pipe
2006,4.5.06 in 5.5.06,Muzej: No-lan party; G404 Blaž Porenta: Digitalno na platnu,,Blaž Porenta,13_Predstavitev pipe
2006,3.11.2006,Regresije,,,13_Predstavitev pipe
2006,3.11.2006,Regresije,,,13_Predstavitev pipe
2006,8.11.2006,"Jure Erjavec, Preživetje spletnih skupnosti, Brian King - FF 2.0",,"Jure Erjavec, Brian King",15_SU
2006,18.5.2006,"SU: Element. uporabniške izkušnje, 2/2",,,15_SU
2006,12.4.2006,SU: Trepča Testiranje S.A,,,15_SU
2006,3.5.2006,"SU: Ajax delavnica, 2/2",,,15_SU
2006,29.3.2006,SU: Žuhalev: Django 1/2 CELA,,,15_SU
2006,29.3.2006,"SU: Žuhalev: Django 2/2, Kam. od kapelice!",,,15_SU
2006,25.10.2006,"SU: Gregor Rebolj, Triptracker.com. 1/2",,Gregor Rebolj,15_SU
2006,3.5.2006,"SU: Ajax delavnica 2, 1/2",,,15_SU
2007,20.9.2007,Extension infrastructure: Recent achivments and future prospects,"1,1",J. Lingner,14_OOoCON 2007
2007,20.9.2007,The extended 000 ecosystem,"1,2",K. Ramme,14_OOoCON 2007
2007,20.9.2007,Open source external engine,"1,3",E. D. Dimalen,14_OOoCON 2007
2007,20.9.2007,NLP- A sustainability path to OpenOffice.ork,"1,4",C. F. Filno,14_OOoCON 2007
2007,20.9.2007,Benefits of extension,"2,1",D. Darabos,14_OOoCON 2007
2007,20.9.2007,OpenOffice.org & Alfsesco,"2,2",C. Bosdonnat,14_OOoCON 2007
2007,20.9.2007,"Integrated tools for spelling, style and grammar checking","2,3",D. Naber,14_OOoCON 2007
2007,20.9.2007,Recito: An open source graphical IDE for automatic document anf dataflow manipulation,"2,4",A. Assat,14_OOoCON 2007
2007,20.9.2007,OpenOffice.org Development with NetBeans,"3,1",S. Gruuid,14_OOoCON 2007
2007,20.9.2007,OpeOffice document on mobile device,"3,2",M. Odendahl,14_OOoCON 2007
2007,20.9.2007,Rewriting the chart - A retrospective,"3,3",B. Milcke,14_OOoCON 2007
2007,20.9.2007,"Thunderbird/Lightning PIM, the missing office piece","3,4",D. Bolzle,14_OOoCON 2007
2007,20.9.2007,Gravity zoo: Bringing OpenOffice.org to the internet,"4,2",Mivan Brigelen,14_OOoCON 2007
2007,20.9.2007,3D slideshow transitions,"4,3",S. M. Mathews,14_OOoCON 2007
2007,20.9.2007,Tawernalc: How to transofrm your OpenOffice Calc into grid,"5,1",M. Dopiera,14_OOoCON 2007
2007,20.9.2007,Beyond Microsoft,"5,2",A. Mudjiarto,14_OOoCON 2007
2007,20.9.2007,New Filter for MS Word: Handle many formats Like one,"5,3",F. Strbay,14_OOoCON 2007
2007,20.9.2007,Why are you doing this to me?,"5,4",M. Berti,14_OOoCON 2007
2007,20.9.2007,Nit the parrot sketch: Implementing an 000 config browser using Python,"6,1",T. Benrens,14_OOoCON 2007
2007,20.9.2007,Dynamic Presentation OpenOffice Impress,"6,2",C. Pinary Estary,14_OOoCON 2007
2007,20.9.2007,Effective graphic user interfaces ____,"6,3",P. Martovar,14_OOoCON 2007
2007,20.9.2007,Proceeding the Ts___ money way,"6,4",F. Strba,14_OOoCON 2007
2007,9.11.2007,"VIP#2 Pečanac, cela",,Pečanac,01_VIP
2007,5.4.2007,"VIP#10 Boris Kozlevčar, Kako ukrotiti podjetniški dvoj, Paprika, Kam 2 KAS 1",,Boris Kozlevčar,01_VIP
2007,5.4.2007,"VIP#10 Boris Kozlevčar, Kako ukrotiti podjetniški dvoj, Paprika, Kam 2 KAS 2",,Boris Kozlevčar,01_VIP
2007,5.4.2007,"VIP#10 Boris Kozlevčar, Kako ukrotiti podjetniški dvoj, Kam 1 KAS 1",,Boris Kozlevčar,01_VIP
2007,5.4.2007,"VIP#10 Boris Kozlevčar, Kako ukrotiti podjetniški dvoj, Paprika, Kam 1 KAS 2",,Boris Kozlevčar,01_VIP
2007,25.1.2007,VIP#6 Robert Rolih,,Robert Rolih,01_VIP
2007,25.1.2007,"Direktni marketing, kamera 1 #1",,,01_VIP
2007,8.3.2007,"VIP#8 Igor Verstovšek, kamera 1/2",,Igor Verstovšek,01_VIP
2007,8.3.2007,"VIP#8 Igor Verstovšek, kamera 2, kaseta 1",,Igor Verstovšek,01_VIP
2007,22.3.2007,VIP9 Jaka Stele kamera 1 1/2,,Jaka Stele,01_VIP
2007,22.3.2007,VIP9 Jaka Stele kamera 1 2/2,,Jaka Stele,01_VIP
2007,22.3.2007,VIP#9 Jaka Stele kamera 1 kas 2,,Jaka Stele,01_VIP
2007,22.3.2007,VIP#9 Jaka Stele kamera 2 kas 2,,Jaka Stele,01_VIP
2007,22.3.2007,VIP#9 Jaka Stele kamera 1 kas 1,,Jaka Stele,01_VIP
2007,22.3.2007,VIP#9 Jaka Stele kamera 2 kas 1,,Jaka Stele,01_VIP
2007,22.3.2007,VIP9 Jaka Stele kamera 2 1/2,,Jaka Stele,01_VIP
2007,22.3.2007,VIP9 Jaka Stele kamera 2 2/2,,Jaka Stele,01_VIP
2007,8.3.2007,"VIP#8 Igor Verstovšek, kamera 2, kaseta 2",,Igor Verstovšek,01_VIP
2007,8.3.2007,"VIP#8 Igor Verstovšek, kamera 2/2",,Igor Verstovšek,01_VIP
2007,8.3.2007,"VIP#8 Igor Verstovšek, kamera 2/1",,Igor Verstovšek,01_VIP
2007,8.3.2007,"VIP#8 Igor Verstovšek, kamera 1/1",,Igor Verstovšek,01_VIP
2007,11.1.2007,"VIP#5 Žiga Vapotič, kamera 1, kaseta 1",,Žiga Vapotič,01_VIP
2007,11.1.2007,"VIP#5 Žiga Vapotič, kamera 1, kaseta 2",,Žiga Vapotič,01_VIP
2007,8.3.2007,"VIP#8 Igor Verstovšek, kam 1 kas 2",,Igor Verstovšek,01_VIP
2007,25.1.2007,"VIP#6 Roman Rolih, kam2 kas1",,Roman Rolih,01_VIP
2007,8.3.2007,"VIP#8 Igor Verstovšek, kam 1 kas 1",,Igor Verstovšek,01_VIP
2007,15.5.2007,"POT Zavarujte svoje wireless omrežje, Rok Papež, 2/2",,Rok Papež,02_POT
2007,20.11.2007,"POT: Manoriva Instal fest 2008, Jure Lepinc, 1/1",,Jure Lepinc,02_POT
2007,15.5.2007,"POT Zavarujte svoje wireless omrežje, Rok Papež, 1/2",,Rok Papež,02_POT
2007,3.4.2007,"POT: Plove, Rok Garbaš, 1/1",,Rok Garbaš,02_POT
2007,27.3.2007,"POT: Odprto brezžično omrežje Ljubljana, Andraž Sraka, 1/1",,Andraž Sraka,02_POT
2007,23.10.2007,"POT: Andraž Sraka, Varnost spletnih aplikacij",,Andraž Sraka,02_POT
2007,18.12.2007,"POT: Odrpto kodno učno okolje moodle (Alja Sulčič), 1/1",,Alja Sulčič,02_POT
2007,11.12.2007,"POT: Orange, Janez Demšar",,"Janez Demšar, 1/2",02_POT
2007,13.11.2007,"POT: Dejan Sakelšak, Gstreamer - kaj naj z njim? 54 min, 1/1 ",,Dejan Sakelšak,02_POT
2007,10.4.2007,"POT: Računalniški virusi so postali ogrožena vrsta, Dalibor Cerar, 1/1",,Dalibor Cerar,02_POT
2007,22.5.2007,"POT: Boštjan Janežič, Fizično ožičevanje, KAS 1",,Boštjan Janežič,02_POT
2007,26.11.2007,"POT: OLPC + Ubuntu, Benjamin Mako Hill, KAM 2 KAS 1 ",,Benjamin Mako Hill,02_POT
2007,4.12.2007,"POT: Semantično ozaveščanje in iskanje, Sergej Rinc, 1/1",,Sergej Rinc,02_POT
2007,26.11.2007,"POT: Gostujoči pot iz mama, Benjamin Mako Hill, KAM 1 1/2",,Benjamin Mako Hill,02_POT
2007,4.12.2007,"POT: Floss priročniki, Adam Hyde, 1/1",,Adam Hyde,02_POT
2007,16.10.2007,"POT: Alja Sulčič: Virtualni svet, second life",,Alja Sulčič,02_POT
2007,2.10.2007,"POT: Daniel Tuling, Multi-touch table - a touchable remake of pong",,Daniel Tuling,02_POT
2007,30.10.2007,"POT: Jure Repinc, KDE Academy 2007, ali Slovenec se odpravi na Škotsko 1/1",,Jure Repinc,02_POT
2007,6.11.2007,"POT: WIMAX tehnologija wireless access (BWA), predavatelj: Gregor Boh, 2/2",,Gregor Boh,02_POT
2007,6.11.2007,"POT: WIMAX tehnologija wireless access (BWA), predavatelj: Gregor Boh, 1/2",,Gregor Boh,02_POT
2007,11.12.2007,"POT: Orange, Janez Demšar, ~30 min, 2/2",,Janez Demšar,02_POT
2007,17.4.2007,"POT: Google summer of code, Uroš Trobec, Rok Žlender, 1/1",,"Uroš Trobec, Rok Žlender",02_POT
2007,26.11.2007,"POT: Benjamin Mako Hill, One Laptop per child + Ubuntu, KAM1, KAS2/2",,Benjamin Mako Hill,02_POT
2007,29.5.2007,"POT: Galaksija, Tomaž Šolc 1/",,Tomaž Šolc,02_POT
2007,24.4.2007,"POT: OpenSource.net Mono, Jan Kraljič 1/",,Jan Kraljič,02_POT
2007,8.5.2007,"POT: Ptičja perspektiva, Jure Koren, 1/",,Jure Koren,02_POT
2007,9.10.2007,"POT: Gašper Fele Žorž, Poceni USB naprave",,Gašper Fele Žorž,02_POT
2007,19.09.2007,M. Muller-Prove,,,03_DNR
2007,22.02.2007,"VIP Jankovič kaseta 1, kamera 1",,,03_DNR
2007,22.02.2007,"VIP Jankovič kaseta 2, kamera 1",,,03_DNR
2007,22.02.2007,"VIP Jankovič kaseta 1, kamera 2",,,03_DNR
2008,24.6.2008,"FF3 Zbigniew Braniecki The new future of collaboration 45 min - 1/1""",,Zbigniew Braniecki,04_Dokumentacija-projektor
2007,22.02.2007,"VIP Jankovič kaseta 2, kamera 2",,Zoran Jankovic,03_DNR
2007,2. 10. 2007,F3ŽO (M3),,,05_F3ŽO
2007,2. 10. 2007,F3ŽO zaključek (odprti oder) -znane osebnosti cam1 cas1,,,05_F3ŽO
2007,2. 10. 2007,F3ŽO zaključek festivala (odprti oder) -znane osebnosti cas1. cam2.,,,05_F3ŽO
2007,2. 10. 2007,F3ŽO zaključek kam 2 kas 2,,,05_F3ŽO
2007,1. 10. 2007,F3ŽO predsedniški kandidati 15-16,,,05_F3ŽO
2007,2. 10. 2007,F3ŽO zveza združenj borcev (M3),,,05_F3ŽO
2007,2. 10. 2007,F3ŽO odprti oder kaseta 1/    00,,,05_F3ŽO
2007,2. 10. 2007,F3ŽO odprti oder kaseta 2    00,,,05_F3ŽO
2007,2. 10. 2007,F3ŽO odprti oder kaseta 3     00,,,05_F3ŽO
2007,2. 10. 2007,F3ŽO odprti oder kaseta 4      00,,,05_F3ŽO
2007,1. 10. 2007,F3ŽO odprti oder 14:30 - 14:55 1/1 00,,,05_F3ŽO
2007,2. 10. 2007,F3ŽO zaključek (odprti oder) -znane osebnosti cam1 cas2,,,05_F3ŽO
2007,1. 10. 2007,F3ŽO Linhartova dvorana otvoritev t. 01/02 cam2,,,05_F3ŽO
2007,1. 10. 2007,F3ŽO Linhartova d. otvoritev 02/02 cam2,,,05_F3ŽO
2007,1. 10. 2007,F3ŽO Linhartova dvorana otvoritev kam1 kas1,,,05_F3ŽO
2007,1. 10. 2007,F3ŽO Linhartova dvorana otvoritev t. kam1/kas2,,,05_F3ŽO
2007,1. 10. 2007,F3ŽO okrogla miza 1/2,,Milav Pavliha,05_F3ŽO
2007,1. 10. 2007,F3ŽO okrogla miza 2/2,,Milav Pavliha,05_F3ŽO
2007,1. 10. 2007,F3ŽO okrogla miza 2/2,,Robert Guštin,05_F3ŽO
2007,1. 10. 2007,F3ŽO okrogla miza 1/2,,Robert Guštin,05_F3ŽO
2007,2. 10. 2007,F3ŽO - 10:00 14:00 /cam2/ okrogla miza 01.,,Mateja Kožuh Novak,05_F3ŽO
2007,2. 10. 2007,F3ŽO - 10:00 14:00 /cam2/ okrogla miza 02,,Mateja Kožuh Novak,05_F3ŽO
2007,2. 10. 2007,F3ŽO cam2 / 01/01 / modna revija,,,05_F3ŽO
2007,2. 10. 2007,F3ŽO ageing and development 2/2,,,05_F3ŽO
2007,2. 10. 2007,F3ŽO ageing and development 1/2,,,05_F3ŽO
2007,2. 10. 2007,F3ŽO - M3 dvorana otroški program izdelovanje predmetov iz naravnih materialov cam2 01/01,,,05_F3ŽO
2007,2. 10. 2007,F3ŽO sprejem reddingove 1/,,,05_F3ŽO
2007,19.2.2007,"BIOKIBER dr. Gajšek, 2/2",,,06_Kognitivna
2007,19.1.2007,"BIO KIBERNETIKA Elektro poracija, Tadej Kotnik, 2/2",,Tadej Kotnik,06_Kognitivna
2007,19.1.2007,"BIO KIBERNETIKA Elektro poracija, Tadej Kotnik, 1/2",,Tadej Kotnik,06_Kognitivna
2007,5.2.2007,BIO KIBERNETIKA Elektro kemoterapija dr. Gregor Serša,,,06_Kognitivna
2007,19.2.2007,"BIOKIBER doc. dr. Gajšek, 1/2",,,06_Kognitivna
2007,5.3.2007,"ZF Prizma, Večer s starodavnimi bogovi 2/2",,,06_Kognitivna
2007,5.3.2007,"ZF Prizma, Večer s starodavnimi bogovi 1/2",,,06_Kognitivna
2007,16.4.2007,Prizma: George R.R. Martin 1/2,,,06_Kognitivna
2007,16.4.2007,Prizma: George R.R. Martin 2/2,,,06_Kognitivna
2007,13.6.2007,"Izven: Kako brati Jaka Racmana, maska, 2/2",,,06_Kognitivna
2007,13.6.2007,"Izven: Kako brati Jaka Racmana, maska, 1/2",,,06_Kognitivna
2007,18.1.2007,"Pomembno sporočio Umanotera, 2/3",,,06_Kognitivna
2007,18.1.2007,"Pomembno sporočio Umanotera, 1/3",,,06_Kognitivna
2007,18.1.2007,"Pomembno sporočio Umanotera, 3/3, od 14:44",,,06_Kognitivna
2007,26.2.2007,"Ostalo, Ekološki pokop računalnika, KAS # 1/2",,,06_Kognitivna
2007,26.2.2007,"Ostalo, Ekološki pokop računalnika, 2/2",,,06_Kognitivna
2007,29.3.2007,"Ostalo, Interna writer delavnice, Daniel Miklavčič T1/2",,Daniel Miklavčič,06_Kognitivna
2007,29.3.2007,"OO delavnice, interna 2/2",,,06_Kognitivna
2007,19.3.2007,Kadilnica-Metropol,,,06_Kognitivna
2007,24. 5. 2007,Cyc ali kako zakodirati zdravo pamet KAS 1 1/2,,Michael Witbrock,08_SU 2007-08
2007,24. 5. 2007,Cyc ali kako zakodirati zdravo pamet KAS 2/2 SU GYGORP 1/1,,Michael Witbrock,08_SU 2007-08
2007,27. 11. 2007,POT Novosti licence GPL 3 1/,,dr. Matija Damjan,08_SU 2007-08
2007,21. 11. 2007,SU 10 PRIPOROČIL UPORABNIŠKE ZASNOVE ZA SPLET 1/2,,David Rozman,09_Sheet7
2007,21. 11. 2007,SU 10 PRIPOROČIL UPORABNIŠKE ZASNOVE ZA SPLET 2/2,,David Rozman,09_Sheet7
2007,10.5.2007,VIP #12 Podjetništvo z investitorjeve perspektive KAM1 KAS1,,Jure Mikuž,09_Sheet7
2007,19. 4. 2007,VIP Podjetniške lekcije iz Silicijeve doline KAM2 KAS2,,Blaž Kos,09_Sheet7
2007,,OOOCON interview Alessandro & the Galecian,,,09_Sheet7
2007,29. 11. 2007,VIP2 CAM2 IEDC 2/2,,Danica Purg,09_Sheet7
2007,10.5.2007,VIP #12 Podjetništvo z investitorjeve perspektive KAM2 KAS2,,Jure Mikuž,09_Sheet7
2007,19. 4. 2007,VIP POdjetniške lekcije iz Silicijeve doline KAM2 KAS1,,Blaž Kos,09_Sheet7
2007,5.4.2007,VIP #10 KAKO UKROTITI PODJETNIŠKI DVOM KAM2 KAS1,,Boris Kozlevčar,09_Sheet7
2007,5.4.2007,VIP #10 KAKO UKROTITI PODJETNIŠKI DVOM KAM1 KAS1,,Boris Kozlevčar,09_Sheet7
2007,5.4.2007,VIP #10 KAKO UKROTITI PODJETNIŠKI DVOM KAM2 KAS2,,Boris Kozlevčar,09_Sheet7
2007,29. 11. 2007,VIP2 CAM2 1/2,,,09_Sheet7
2007,10.5.2007,VIP 12 Podjetništvo z investitorjeve perspektive KAM1 KAS2,,Jure Mikož,09_Sheet7
2007,10.5.2007,VIP #12 Podjetništvo iz investitorjeve perspektive KAM2 KAS1,,Jure Mikož,09_Sheet7
2007,29. 11. 2007,VIP2 1/2 CAM1,,,09_Sheet7
2007,29. 11. 2007,VIP2 2/2 CAM1,,,09_Sheet7
2007,5.4.2007,VIP #10 KAKO UKROTITI PODJETNIŠKE DVOME KAM1 KAS2,,Boris Kozlevčar,09_Sheet7
2007,12.12.2007,SU Matjaž Korošec Pomembna vloga frontenda spletnih strani,,Matjaž Korošec,11_MOMOSLO_SU
2007,28.2.2007,SU ITIVI 1/2,,,12_Spletne urice
2007,28.2.2007,SU ITIVI 2/2,,,12_Spletne urice
2007,4.4.2007,"SU: Davor Strehar, ToboAds oglaševanje: vsebinsko, tekstovno in slovensko",,Davor Strehar,12_Spletne urice
2007,7.2.2007,"SU: Java server pages, Sebastjan Trepča",,Sebastjan Trepča,12_Spletne urice
2007,26.1.2007,SU: XSLT 1/2,,,12_Spletne urice
2007,26.1.2007,SU: XSLT 2/2,,,12_Spletne urice
2007,21.3.2007,"SU: Semantični splet, Marko Grobelnik, #793, 1/2",,Marko Grobelnik,12_Spletne urice
2007,21.2.2007,"SU: Marko Mrdjonovič, Tipografija na spletu - praktični pogled",,Marko Mrdjonovič,12_Spletne urice
2007,21.3.2007,"SU: Semantični splet, Marko Grobelnik, #793, 2/2",,Marko Grobelnik,12_Spletne urice
2007,,Soundbridging Gostovanje Kibele Sony,,,13_Predstavitev pipe
2007,5.6.2007,"Ostalo Microcosmoz, Nedine Kachornnamosov, 1/1",,Nedine Kachornnamosova,13_Predstavitev pipe
2007,1.10.2007,"Daniel Toring - Touchscreen, Vrsta za bone",,Daniel Toring,13_Predstavitev pipe
2007,14.6.2007,"Postlab, Peter Asaro, predavanje: Uvod v projekcijo dokumentarnega filma Love Machines",,Peter Aasaro,13_Predstavitev pipe
2007,17.12.2007,"Art error, Predstavitev Istanbul a_m_b_c_r, Robertina Šebljanič, Jakob Leben, 1/1",,"Robertina Šebljanič, Jakob Leben",13_Predstavitev pipe
2007,7.6.2007,"Ostalo, Nedine Kachornnamosova, Integracija - ""Umetnost zapeljevanja"", 1/1",,Nedine Kachornnamosova,13_Predstavitev pipe
2007,22.11.2007,"Reartikulacija, Andreja Kopač",,Andreja Kopač,13_Predstavitev pipe
2007,5.12.2007,"FRI Dan odprtih vrat, Tablix, Tomaž Solc, 2/2",,Tomaž Solc,13_Predstavitev pipe
2007,5.12.2007,"FRI Dan odprtih vrat, Kiberpipa, JimmyIM 1/2",,13_Predstavitev pipe,
2007,19.9.2007,000CON07 Open Office.org 30. and beyond; Louis Suarez - Potts; KEYNOTE,,,14_OOoCON 2007
2007,19.9.2007,Contrbuting to OpenOffice,,,14_OOoCON 2007
2007,,The chinese roadmat Keynote,,Hu Cai,14_OOoCON 2007
2007,"19,9.2007","Beyond techonogy, The cinese roadmap keynote",,Hu Cai,14_OOoCON 2007
2007,19.9.2007,Walking on Water; hot news from the MacOSx,,Eric Bachard,14_OOoCON 2007
2007,19.9.2007,How to fix an issue in OpenOffice,,Michel Loiselver,14_OOoCON 2007
2007,19.9.2007,Improving the modularity of OpenOffice,,Mathias Bauer,14_OOoCON 2007
2007,19.9.2007,Split 000 into smaller pieces,,Peter Kadek,14_OOoCON 2007
2007,19.9.2007,Aqua openoffice: The Light,,Eric Bachard,14_OOoCON 2007
2007,19.9.2007,Contrbuting to OpenOffice,,Mathias Bauer,14_OOoCON 2007
2007,19.9.2007,What's new in OpenOffice,,Sophie Gautier,14_OOoCON 2007
2007,19.9.2007,Across the great wall,,Peter Junge,14_OOoCON 2007
2007,19.9.2007,Guericla advertising in the ny metro newspaper,,Benjamin Horst,14_OOoCON 2007
2007,19.9.2007,Political strugles in Denmark - My Experiances,,Leif Lodhal,14_OOoCON 2007
2007,19.9.2007,The price is high! Is it too high?,,Juergen Schmidt,14_OOoCON 2007
2007,19.9.2007,Towards openness and accessibility: eurpiean public administration define their approach on document formats ODF/XML,,Dr. Barbara Heild,14_OOoCON 2007
2007,19.9.2007,Marketing ODF to the OpennOffice project,,C. H. Schulz,14_OOoCON 2007
2007,19.9.2007,OSF interoperability,,R. Weir,14_OOoCON 2007
2007,19.9.2007,Chinese office standard VOF and interoperation of 000 ODF,,Xiuzhi Cheng,14_OOoCON 2007
2007,19.9.2007,Interaction 000 with web content management systems,,Bard Farstad,14_OOoCON 2007
2007,19.9.2007,ReadOffice Creating a more friendly operating style,,Shaoliaug Yaug,14_OOoCON 2007
2007,19.9.2007,Automating a Production Publishing system,,J. Eunice,14_OOoCON 2007
2007,19.9.2007,Relesing OpenOffice translation and QA process,,,14_OOoCON 2007
2007,19.9.2007,Free software telecenters in california,,Francese Raubla,14_OOoCON 2007
2007,19.9.2007,On-site requirements engineenirg to OpenOffice,,M.Muner-Prove,14_OOoCON 2007
2007,19.9.2007,"ODF in Russia, Status, problems and future trends",,R. Aliev,14_OOoCON 2007
2007,19.9.2007,Who is using 000,,Erwin Teuhenberg,14_OOoCON 2007
2007,21.9.2007,Development Fast Forward - a fra__ work for spreahsheet wes service,,J. Wacliowiak,14_OOoCON 2007
2007,21.9.2007,Development Sit: The source code manager for 000,,J. Holesovsky,14_OOoCON 2007
2007,20.9.2007,Communty cuuucil Q&A,,,14_OOoCON 2007
2007,21.9.2007,ODF inpact on industry and goverment,,D. Harbison,14_OOoCON 2007
2007,20.9.2007,OpenOffice in the Cata___ spreading world,,J. Liavina,14_OOoCON 2007
2007,21.9.2007,Migrations in Japan,,J. Kacli,14_OOoCON 2007
2007,21.9.2007,"Development Buildot: Bigger, Better, Builder",,M. Leibowitz,14_OOoCON 2007
2007,21.9.2007,OpenOffice XML: A tehnical approd__ for 000,,Hibert Figuire,14_OOoCON 2007
2007,21.9.2007,ODF toolicit with .NET support,,Lars Benhrmanw,14_OOoCON 2007
2007,21.9.2007,The OpenOffice toolit project,,Michael Brauer,14_OOoCON 2007
2007,21.9.2007,Who raised ODF toolkit API,,Jurgew Schmint,14_OOoCON 2007
2007,21.9.2007,Child workspaces and the OOO scm system,,J. H. Rechtiev,14_OOoCON 2007
2007,21.9.2007,Doc.next - The Future of the documentation project,,F. Petris,14_OOoCON 2007
2007,21.9.2007,Galicician Experiance with openOffice.org,,F. Rodriguez,14_OOoCON 2007
2007,21.9.2007,Round taisleč,,,14_OOoCON 2007
2007,21.9.2007,Chinese minority language support in openOffice.org,,J. Yanmin,14_OOoCON 2007
2007,21.9.2007,DataRilot in Calc,,N. Nebel,14_OOoCON 2007
2007,21.9.2007,"Toolkit, toolkit, uanna comeut and play",,,14_OOoCON 2007
2007,21.9.2007,Improved UBA support,,N. Power,14_OOoCON 2007
2007,21.9.2007,Development OpenOffice.ok. Improving the qouality of openSource software,,R. Fereuc,14_OOoCON 2007
2007,21.9.2007,Processing openDocument Format,,Lars Opperman,14_OOoCON 2007
2007,21.9.2007,Quality asurance in OOO,,T. Xie,14_OOoCON 2007
2007,21.9.2011,The adaptation of ODF in the South African public sector,,T. Fogwiv,14_OOoCON 2007
2007,21.9.2007,Releasse operating software OpenOffice.org MSoffice by UOML,,A. Wang,14_OOoCON 2007
2007,21.9.2007,An RDF etadata model for openDocument format 1.2,,Savante Schubert,14_OOoCON 2007
2007,28.1.2007,"SU: Kako narediti spletno mesto še bolj učinkovito - testiranje in optimizacija spletnih mest v praksi, Urška Podobnik, 56 min",,Urška Podobnik,15_SU
2007,24.10.2007,"SU: Openlaszlo, Anže Cesar",,Anže Cesar,15_SU
2007,31.1.2007,"SU: Zvezdan Martič, Neenaka izhodišča na spletu, 2/2",,Zvezdan Martič,15_SU
2007,31.1.2007,"SU: Zvezdan Martič, Neenaka izhodišča na spletu, 1/2",,Zvezdan Martič,15_SU
2007,12.6.2007,SU: Aleš Justin Jboss Sean KAS 1/2,,Aleš Justin,15_SU
2007,12.6.2007,SU: Aleš Justin Jboss Sean 15'' KAS 2/2,,Aleš Justin,15_SU
2007,7.3.2007,SU: The Future of Webapps 1/2,,,15_SU
2007,7.3.2007,SU: The Future of Webapps 2/2,,,15_SU
2007,14.3.2007,"SU: Brian King, Mozilla - Desktops",,,15_SU
2007,25.4.2007,"SU: Blogorola, Gregor Fras, Jugoslav Petkovič, Nymphee, 2/2",,,15_SU
2007,25.4.2007,"SU: Blogorola, Gregor Fras, Jugoslav Petkovič, Nymphee, 1/2",,,15_SU
2007,18.4.2007,"SU: Sebastjan Trepča, OpenID",,Sebastjan Trepča,15_SU
2007,9.5.2007,"SU: D. Mrdjenovič, Poročilo s konf. MIX 07, KAS 1",,,15_SU
2007,23.5.2007,"SU: Andraž Tori, Odprti kop",,Andraž Tori,15_SU
2007,7.11.2007,"SU: O online kampanji za predsednika, Vuk Čosič, 1/",,Vuk Čosič,15_SU
2007,17.10.2007,"SU: Jugoslav Petkovič, Poročilo s FONA, KAM 1, KAS1",,,15_SU
2007,14.11.2007,"SU: JQuers, Miha Hribar",,Miha Hribar,15_SU
2007,16.5.2007,"SU: Spletni wiki-atlas, Mihael Kadunc in Grega Milčinski",,"Mihael Kadunc, Grega Milčinski",15_SU
2007,17.1.2007,"SU: Damjan Omerza, Delo na daljavo, 1/2",,Damjan Omerza,15_SU
2007,17.1.2007,"SU: Damjan Omerza, Delo na daljavo, 2/2",,Damjan Omerza,15_SU
2007,10.4.2007,"SU: Uroš Jeglič, ORM",,Uroš Jeglič,15_SU
2007,5.12.2007,"SU: Okrogla miza Spletno nakupovanje pri nas, 1/2",,,15_SU
2007,5.12.2007,"SU: Martin Kaker (moderator), Okrogla miza: Božični nakupi - spl. nakupovanje pri nas, 2 min, 2/2",,,15_SU
2007,7.11.2007,"SU: O online kampanji za predsednika, Vuk Čosič, Handycam, 2/",,,15_SU
2007,30.10.,Cafe Babe Java me in najdi.si mobilni zemljevid 1/2 60 LENS X,,Rok Bertoncelj,08_SU 2007-08
2007,30.10.,Cafe Babe Java me in najdi.si mobilni zemljevid 2/2 60 X,,Rok Bertoncelj,08_SU 2007-08
2007,19. 10.,Salsaman Lives (forum 19.10),,,08_SU 2007-08
2007,21. 10.,"POT Še vedno vemo, kaj ste počeli čez poletje 60 min",,"Daša Lakner, Dunja Rošina, Martin Hribar, Mojca Miklavec ",08_SU 2007-08
2007,,"Vem, da si me slišal",,Igor,14_OOoCON 2007
2007,,"Vem, da si me slišal",,Daša Laker,14_OOoCON 2007
2007,,Pot: Cilec elektronika Akumolator - Jih povezani?,,Gregor Maček,14_OOoCON 2007
2007,,Git v praksi,,Domen Kozar,14_OOoCON 2007
2007,,Django meet,,"Polž, Rašič, Vrščaj",14_OOoCON 2007
2008,10.1.2008,"VIP Vse o poslovnih angelih, CAM2 XL, 2/2,",,Poslovni angeli,01_VIP
2008,10.1.2008,"VIP Vse o poslovnih angelih, B. Drobnak, S. Sibinčič, E. Kuščer, CAM2",,"Branko Drobnak, Slobodan Sibinčič, Enej Kuščer",01_VIP
2008,13.11.2008,"VIP Matjaž Gantar (1. del), 60 min",,Matjaž Gantar,01_VIP
2008,13.11.2008,"VIP Matjaž Gantar (2. del), 30 min",,Matjaž Gantar,01_VIP
2008,10.1.2008,Vse o posl. angelih CAM2 2/2,,,01_VIP
2008,10.1.2008,"VIP Vse o poslovnih angelih, B. Drobnak, S. Sibinčič, E. Kuščer, CAM1 XL1",,"Branko Drobnak, Slobodan Sibinčič, Enej Kuščer",01_VIP
2008,13.5.2008,"POT Visoko razpoložljiva / raztegljiva infrastruktura in spletne storitve na poziv, Andraž Sraka 1/2",,Andraž Sraka,02_POT
2008,13.5.2008,"POT Visoko razpoložljiva / raztegljiva infrastruktura in spletne storitve na poziv, Andraž Sraka 2/2",,Andraž Sraka,02_POT
2008,26.2.2008,"POT Linux in domači video posnetki, video ekipa Kiberpipa, 55 min",,,02_POT
2008,8.1.2008,"POT: Analiza svtovnega socialnega omrežja, Omrežje pogovorov MSN (Jure leskovec) 1",,Jure Leskovec,02_POT
2008,22.1.2008,"POT: Poročilo 2 24e3 ?, Andraž Sraka",,Andraž Sraka,02_POT
2008,29.4.2008,"POT: Multimedia na spletu, Anže Cesar",,Anže Cesar,02_POT
2008,6.5.2008,"POT: Oglaševanje 2.0, Domen Savič, 1/",,Domen Savič,02_POT
2008,22.4.2008,POT: Kako dobiti boljše delo v IT-ju? Gorazd Prah,,Gorazd Prah,02_POT
2008,8.4.2008,"POT: Qwertz / Qwerty za vedno, Edvard Šilc",,Edvard Šilc,02_POT
2008,12.2.2008,"POT: Tiskanje iz informacijskega sistema z uporao odprto kodne rešitve - ConTeXt, Jan Kraljič, 1/1",,Jan Kraljič,02_POT
2008,19.2.2008,"POT: Odprta koda v Mac OS x okolju, Jure Čuhalev",,Jure Čuhalev,02_POT
2008,09.10.2008,Prvi vip v sezoni 2008/2009 Jakec Jakopin Kaseta 1,,Jakec Jakopin,03_DNR
2008,09.10.2008,Prvi vip v sezoni 2008/2009 Jakec Jakopin Kaseta 2,,Jakec Jakopin,03_DNR
2008,09.10.2008,"Jakec Jakopin, dr. Lidija Hozjak Kaseta 1",,"Jakec Jakopin, dr. Lidija Hozjak",03_DNR
2008,19.1.2008,FPGA delavnica del 2,,,04_Dokumentacija-projektor
2008,16.2.2008,"WLN-LJ, Aleš Košatko 2 4 GHZ Antene",,Aleš Košatko,06_Kognitivna
2008,12.3.2008,SU RDFa in ostala spletna sematika,,Jure Čuhalev,08_SU 2007-08
2008,2.4.2008,SU start-up night 60 min,,,08_SU 2007-08
2008,23. 4. 2008,SU Poročilo s konference FOWD London 1/1 EMPTY,,,08_SU 2007-08
2008,30. 4. 2008,SU genspot.com / startup brez startup (a) oziroma od 0 do 340 1/1,,Jan Macarol Vrabec,08_SU 2007-08
2008,26. 9. 2008,IZVEN Čajanka 35 min TAPE 2/3,,Matej Delakorda,08_SU 2007-08
2008,18. 3. 2008,"POT Puppet, sistemska administracija po človeško",,Martin Vuk,08_SU 2007-08
2008,18. 3. 2008,"POT OP zvok neuporaben Puppet, sistemska administracija po človeško x!",,Martin Vuk,08_SU 2007-08
2008,4.6.2008,SU poročilo @media 1/2,,,08_SU 2007-08
2008,22. 10. 2008,SU FOWA REPORT različni predavatelji 57 min,,,08_SU 2007-08
2008,8.10.2008,SU flash - kaj je že to? 50 min 1/1,,Matija Abram,08_SU 2007-08
2008,15. 10. 2008,SU Razširjanje spletnih mest s pomočjo brskalniških vrtičkov 55 min,,Marko Samastur,08_SU 2007-08
2008,13. 3. 2008,Cafe Babe (3-4),,,08_SU 2007-08
2008,13. 3. 2008,Cafe Babe 1-4 CAM2 1/4,,,08_SU 2007-08
2008,26. 9. 2008,Čajanka ''Koristi internečki in spletnega videa  TAPE 1/3 IZVEN 45min,,Matej Delakorda,08_SU 2007-08
2008,26. 1. 2008,Čajanka TAPE 3/3 IZVEN,,Matej Delakorda,08_SU 2007-08
2008,20. 5. 2008,POT Asus EEE-Možnosti in omejitve 1/2,,Marko Kobler,08_SU 2007-08
2008,20. 5. 2008,POT Asus EEE- 2/2 12min,,Marko Kobler,08_SU 2007-08
2008,27. 5. 2008,POT One laptop per child,,Jure Koren,08_SU 2007-08
2008,14. 10. 2008,POT Utrinki s KPE konference akademy 2008 40 min,,Jure Repinc,08_SU 2007-08
2008,19. 3. 2008,SU Spletne urice HTML 5 in ostale nove sladkarije OP: ZVOK= FOO! X,,Marko Mrdjenovič,08_SU 2007-08
2008,12.11.2008,SU Oblikovanje splet. mesta,,D. Pavlica,08_SU 2007-08
2008,17. 4 2008,"UI: Naravno in strojno učenje, Inteligenca in zavest",,Dr. Igor Kononenko,09_Sheet7
2008,17. 4. 2008,"UI: Naravno in strojno učenje, Inteligenca in zavest",,Dr. Igor Kononenko,09_Sheet7
2008,3.4.2008,CIKEL UI (ŠAM) RAČUNALNIŠKI ŠAH IN INTELIGENCA,,Dr. A. Sadikov,09_Sheet7
2008,6.3.2008,CIKEL AI KJE SI? KDO SI? KAJ DELAŠ? BIOMETRIČNI SISTEM ZA PREPOZNAVANJE IN KATEGORIZACIJO OBRAZOV 1/2 60min,,Borut Batagelj,09_Sheet7
2008,6.3.2008,CIKEL AI KJE SI? KDO SI? KAJ DELAŠ? BIOMETRIČNI SISTEM ZA PREPOZNAVANJE IN KATEGORIZACIJO OBRAZOV 2/2 20min,,Borut Batagelj,09_Sheet7
2008,26. 3. 2008,REARTIKULACIJA 2/2,,,09_Sheet7
2008,21. 5. 2008,SU START-UP NIGHT #2 1/2,,,09_Sheet7
2008,21. 5. 2008,SU START-UP NIGHT #2 2/2,,,09_Sheet7
2008,29. 5. 2008,UI Kognitivne predstavitve v rač. vidu 1/2,,mag. Matjaž Jogan,09_Sheet7
2008,29. 5. 2008,UI Kognitivne predstavitve v rač. vidu 2/2,,mag. Matjaž Jogan,09_Sheet7
2008,13. 3. 2008,CAFE BABE 2/4,,,09_Sheet7
2008,15. 5. 2008,UI KAKO SE NALJUČNIH ŠT. LAHKO NAUČIMO 2/2,,doc. dr. Marko Robnik-Šikonja,09_Sheet7
2008,22.4.2008,SU The internet is almost full (Mozila + M Markonič) 1/2,,,11_MOMOSLO_SU
2008,26.11.2008,"SU: Internetno državljanstvo - novo novinarstvo? Simon Ručigaj, Jani Sever, Gregor Fras, Lenart J. Kučič, Domen Savič (2. del) 27. min",,,11_MOMOSLO_SU
2008,26.11.2008,"SU: Internetno državljanstvo - novo novinarstvo? Simon Ručigaj, Jani Sever, Gregor Fras, Lenart J. Kučič, Domen Savič (1. del) 60. min",,,11_MOMOSLO_SU
2008,17.12.2009,"SU: Tomaž Štolfa Razvoj večkanalnih spletnih aplikacij - web, mobile 3G video, IPTV 50 min",,Tomaž Štolfa,11_MOMOSLO_SU
2008,22.4.2008,SU The internet is almost full (Mozila + M Markonič) 2/2,,,11_MOMOSLO_SU
2008,2.12.2008,POT Hladna vojna in bitka za infromacijsko tehnologijo Janez Škrubej 1/2 min,,Janez Škrubej,11_MOMOSLO_SU
2008,2.12.2008,POT Hladna vojna in bitka za infromacijsko tehnologijo Janez Škrubej 2/2,,Janez Škrubej,11_MOMOSLO_SU
2008,18.11.2008,POT Mitar Milutinovič - Wi-fi točka in sončne celite 60 min 1/2,,,11_MOMOSLO_SU
2008,29.1.2008,POT Optimizacija Myskl-a (Uroš Okorn) 2/2,,Uroš Okorn,11_MOMOSLO_SU
2008,29.1.2008,POT Optimizacija Myskl-a (Uroš Okorn) 1/2,,Uroš Oko,11_MOMOSLO_SU
2008,,"Izven, Transmediale 08, do 25 min, kaseta 1",,,13_Predstavitev pipe
2008,11.2.08,Samo Gosarič; Avtobiografija diskografija,,Samo Gosarič,13_Predstavitev pipe
2008,11.2.2008,"ERROR Avtobiografija Diskografija, XL1, 1/2",,,13_Predstavitev pipe
2008,6.2.2008,"SU: Virtualizacija v teoriji in praksi (Jure Pečar, RHCE) 40 min GRAB",,,15_SU
2008,23.1.2008,"SU: Javascript objekti (Marko Samastur), 1/2",,Marko Samastur,15_SU
2008,23.1.2008,"SU: Javascript objekti (Marko Samastur), 2/2",,Marko Samastur,15_SU
2008,30.1.2008,"SU: Pomembna vloga frontenda, 2. del (Matjaž Korošec)",,Matjaž Korošec,15_SU
2008,7.5.2008,"SU: O'Riley web 2.0 EXPO, Jure Čuhalev, 1/1",,Jure Čuhalev,15_SU
2008,5.3.2008,"SU: Javacript Event, Marko Samastur, 2/2",,Marko Samastur,15_SU
2008,5.3.2008,"SU: Javacript Event, Marko Samastur, 1/2",,Marko Samastur,15_SU
2008,27.2.2008,"SU: Seam 2.0, Tomaž Cerar, 45 min, GRAB",,Tomaž Cerar,15_SU
2008,9.1.2008,"SU: Mene ima pa Google rad (Mitja Mavsar, David Strehar)",,"Mitja Mavsar, David Strehar",15_SU
2008,9.1.2008,"SU: Mene ima pa Google rad (Mitja Mavsar, David Strehar), 2",,"Mitja Mavsar, David Strehar",15_SU
2008,13.12.2008,"SU: Denis Arh, Lahki spletni strežnik ali s čim nadomestiti okornega indijanca, KAS 1, 37 min",,Denis Arih,15_SU
2008,16.1.2008,"SU: Meta programiranje v Ruby-ju (David Krmpotič), 1/2",,David Krmpotič,15_SU
2008,16.1.2008,"SU: Meta programiranje v Ruby-ju (David Krmpotič), 2/2",,David Krmpotič,15_SU
2009,14.5.2009,"VIP: Tea Petrin, 1/2, 60 min",,Tea Petrin,01_VIP
2009,14.5.2009,"VIP: Tea Petrin, 2/2, 10 min",,Tea Petrin,01_VIP
2009,15.1.2009,"VIP Jugoslav Petkovič, Mimovrste, 1/2",,Jugoslav Petkovič,01_VIP
2009,15.1.2009,"VIP Jugoslav Petkovič, Mimovrste, 2/2, 5 min",,Jugoslav Petkovič,01_VIP
2009,12.3.2009,"VIP Inovativnost in poročanje - Violeta Bulc, Peter Frankl, Andraž Tori, 1. del, 60 min",,"Violeta Bulc, Peter Frankl, Andraž Tori",01_VIP
2009,12.3.2009,"VIP Inovativnost in poročanje - V. Bulc, P. Frankl, A. Tori, 2. del, 15 min",,"Violeta Bulc, Peter Frankl, Andraž Tori",01_VIP
2009,12.11.2009,Branko Hoz - Lenis d.o.o. VIP SE4,,Branko Hoz,03_DNR
2009,12.11.2009,Branko Hoz - Lenis d.o.o. VIP SE4,,Branko Hoz,03_DNR
2009,12.02.2009,Janez Škrabec 1/2,,Janez Škrabec,03_DNR
2009,12.02.2009,Janez Škrabec 2/2,,Janez Škrabec,03_DNR
2009,10.12.2009,Catbriyur Katja & Jue Bricuman?? Kaseta 2,,Katja & Jue Bricuman??,03_DNR
2009,10.12.2009,Catbriyur Katja & Jue Bricuman?? Kaseta 2,,Katja & Jue Bricuman??,03_DNR
2009,09.04.2009,VIP: Igor Akrapovič??,,Igor Akrapovič??,03_DNR
2009,22. 1. 2009,Cafe Babe jboss application server 5 je končno zagledal luč sveta! 60 min 1/2,,Aleš Justin,08_SU 2007-08
2009,22. 1. 2009,Cafe Babe jboss application server 5 je končno zagledal luč sveta! 10 min 2/2,,Aleš Justin,08_SU 2007-08
2009,27. 1. 2009,POT KDE 4. 2. release party 50M 2/2,,"Andraž Sraka, Jaka F. Žorž",08_SU 2007-08
2009,27. 2. 2009,Kiperpira lanparty -nexuiz -frets on five -racer,,,08_SU 2007-08
2009,19. 2. 2009,"Cafe Babe Lov na MC in 0,999 1/1 60 min",,Samo Log,08_SU 2007-08
2009,28. 11. 2009,WEBCAMP P3 WCLJ Andraž Sraka - IPV6 Luka NApotnik - WEBKIT,,"Andraž Sraka, Luka Napotnik",09_Sheet7
2009,28. 11. 2009,WEBCAMP P3,,"Janko Metelko, Judita Traiber",09_Sheet7
2009,28. 11. 2009,WEBCAMP P3 S1&2 WCLJ,,"Matija Jekovec, Jan Zajec",09_Sheet7
2009,28. 11. 2009,WEBCAMP P3 S1&2 WCLJ razvijalec.si,,Anže Žnidaršič,09_Sheet7
2009,28. 2. 2009,DELOVNI DAN SCATCH GAG 1,,,09_Sheet7
2009,12.9.2009,Tuning 11:30 -> 12:15 OPEN OFICE AROUND THE WORLD,,Charles M. Schulg,09_Sheet7
2009,15.6.2009,"MOMOSLO - Mobile video A. Smokvina, J. Kocjančič, M. Morohnić, B. King 2/3 60 min",,Aleš Smokvina,11_MOMOSLO_SU
2009,15.6.2009,"MOMOSLO - Mobile video A. Smokvina, J. Kocjančič, M. Morohnić, B. King 1/3 60 min",,J. Kocjančič,11_MOMOSLO_SU
2009,15.6.2009,"MOMOSLO - Mobile video A. Smokvina, J. Kocjančič, M. Morohnić, B. King 1/3 60 min",,M. Morohnić,11_MOMOSLO_SU
2009,11.5.2009,"MOMO Pilot Andraž Logar, Tadej Gregorčič 2/2",,Andraž Logar,11_MOMOSLO_SU
2009,11.5.2009,"MOMO Pilot Andraž Logar, Tadej Gregorčič 1/2",,Tadej Gregorčič,11_MOMOSLO_SU
2009,18.6.2009,"JavaOne po JavaOne Aleš Justin, Tomaž Cerar CAFEbabe",,"Aleš Jutin, Tomaž Cerar",11_MOMOSLO_SU
2009,16.4.2009,CAFE BABE Digitalne pogodbe in elektronski podpis Luka Godnič 1/1 50 min,,Luka Godnič,11_MOMOSLO_SU
2009,19.3.2009,"Cafe Babe Rod Petrovič Pomlad, ljubezen, Java, Rubi 40 min",,Rod Petrovič,11_MOMOSLO_SU
2009,21.5.2009,CAFE BABE Nenad Živković GROOVY & GRAILS 1/1 60 min,,Nenad Živković,11_MOMOSLO_SU
2009,11.6.2009,ERROR Luka Prinčič CROSS/HIBRID 1/1 60 min,,Luka Prinčič,11_MOMOSLO_SU
2009,28.5.2009,ERROR Luka Prinčič CROSS/HIBRID 1/1 62 min,,Luka Prinčič,11_MOMOSLO_SU
2009,26.3.2009,ERROR Luka Prinčič CROSS/HIBRID 60 min,,Luka Prinčič,11_MOMOSLO_SU
2009,23.4.2009,ERROR Luka Prinčič CROSS / HIBRID 2 1/1 50 min - Kaseta je fuč,,Luka Prinčič,11_MOMOSLO_SU
2009,27.5.2009,Mikrobloganje v volilni kampanji EU 09 (Vuk Čosić) SU,,Vuk Čosić,11_MOMOSLO_SU
2009,15.4.2009,SU IE8 an important part of the Microsoft platform (Mario Brian) 1/2,,Mario Brian,11_MOMOSLO_SU
2009,8.3.2009,SU Imaš mnenje? Povej ga 2/2 7 min,,,11_MOMOSLO_SU
2009,8.3.2009,SU Imaš mnenje? Povej ga 1/2 60 min,,,11_MOMOSLO_SU
2009,25.3.2009,SU Mix09 in SXSW09 Jure Čuhalev,,Jure Čuhalev,11_MOMOSLO_SU
2009,25.2.2009,SU Je vaše spletno mesto podatkovna baza ali samo kup črk? (Marko Mrdjenovič),,Marko Mrdjenovič,11_MOMOSLO_SU
2009,11.3.2009,SU Google App Engine (Sebastjan Trepča) 40 min,,Sebastjan Trepča,11_MOMOSLO_SU
2009,18.3.2009,Oblikovanje spleta onkraj pleskaja fasade (Natan Nikolič),,Natan Nikolič,11_MOMOSLO_SU
2009,4.3.2009,WATIR (Željko Filipin),,Željko Filipin,11_MOMOSLO_SU
2009,18.2.2009,"SU M. Korošec, S. T. Suhadolc Poročilo s konference Web directions North 1/2 60 min",,,11_MOMOSLO_SU
2009,18.2.2009,"SU M. Korošec, S. T. Suhadolc Poročilo s konference Web directions North 2/2 10 min",,,11_MOMOSLO_SU
2009,27.10.2009,SU: Close Your Browser - Finding Inspiration in the offline world Elliot Jay Stocks 53 min,,Elliot Jay Stocks,11_MOMOSLO_SU
2009,4.2.2009,SU: Mislav Marohnić Primerjava Javascript knjižnic 62 min,,,11_MOMOSLO_SU
2009,15.4.2009,SU IE8 an important part of the Microsoft platform (Mario Brian) 2/2 40 min,,Mario Brian,11_MOMOSLO_SU
2009,6.5.2009,SU API zgodbe (Jaka železnikar),,Jaka Železnikar,11_MOMOSLO_SU
2009,31.3.2009,Kako zlomiti konkurenco in odnesti celo kožo Boris Horvat 2/2,,Boris Horvat,11_MOMOSLO_SU
2009,5.5.2009,POT Ubuntu release party Luka Napotnik min,,Luka Napotnik,11_MOMOSLO_SU
2009,21.4.2009,POR Kako razviti zelo zahteven IS brez vrstice kode? Štefan Fulran 1/ min,,Štefan Furlan,11_MOMOSLO_SU
2009,10.3.2009,POT MYCPU Dennis Kuschel 2/ 2 min,,Dennis Kuschnel,11_MOMOSLO_SU
2009,7.4.2009,POT Ali bo prehod internet. omrežja na IPV6 enostaven? Jan Žorž 40 min,,Jan Žorž,11_MOMOSLO_SU
2009,7.4.2009,POT Ali bo prehod internet. omrežja na IPV6 enostaven? Jan Žorž 60 min,,Jan Žorž,11_MOMOSLO_SU
2009,14.4.2009,POT Extremeos 50 min 1/1,,,11_MOMOSLO_SU
2009,31.3.2009,Kako zlomiti konkurenco in odnesti celo kožo Boris Horvat 1/2,,Boris Horvat,11_MOMOSLO_SU
2009,24.3.2009,POT There is no spoon - hekerski pogled na potencialno tarčo Matej Kovačič Gorazd Žagar 30 min,,,11_MOMOSLO_SU
2009,24.3.2009,POT There is no spoon - hekerski pogled na potencialno tarčo Matej Kovačič Gorazd Žagar 60 min,,,11_MOMOSLO_SU
2009,17.3.2009,POT Robot Pleo ali kako dinozavru zamenjati vrat T. Šlc 1/,,,11_MOMOSLO_SU
2009,10.3.2009,POT MYCPU Dennis Kuschel 1/2 60 min,,Dennis Kuschel,11_MOMOSLO_SU
2009,24.2.2009,POT Programski patenti: Varnost ali utvara (Andrej Mertelj) 2/2 15 min,,Andrej Mertelj,11_MOMOSLO_SU
2009,24.2.2009,POT Programski patenti: Varnost ali utvara (Andrej Mertelj) 1/2,,Andrej Mertelj,11_MOMOSLO_SU
2009,3.5.2009,POT Testiranje django spletnih aplikacij Urban Škodnik 1/1 45 min,,Urban Škodnik,11_MOMOSLO_SU
2009,17.2.2009,POT Kako zaje.. se hardware startup? Luka Birsa 50 min 1/1,,,11_MOMOSLO_SU
2009,10.2.2009,POT Hacking&headtracking Domen Grabec min 1/,,,11_MOMOSLO_SU
2009,27.1.2009,POT KDE 4.2 release party Andrej Vrenkar Jure Repinc 60 min 1/2,,,11_MOMOSLO_SU
2009,27.1.2009,POT KDE 4.2. A. Sraka TELE 50 min 2/2,,Andraž Sraka,11_MOMOSLO_SU
2009,20.1.2009,POT Odprti standardi in odprti formati Matija Šuklje 4 min 2/2,,Matija Šuklje,11_MOMOSLO_SU
2009,20.1.2009,POT Odprti standardi in odprti formati Matija Šuklje 60 min 1/2,,Matija Šuklje,11_MOMOSLO_SU
2009,13.1.2009,POT GAEA+ Luka Mulej Mariano Ceconski 50 min 1/1,,,11_MOMOSLO_SU
2009,6.1.2009,"Ba8camp, co-working in prihodnost izmenjave znanj 60 min 1/1",,,11_MOMOSLO_SU
2009,,"Delo na error projektih, delovna kaseta! 09",,,13_Predstavitev pipe
2009,14.1.2009,"SU: Igor Kolar: Zakaj bi vse počeli sami, e pa imamo Google Data APIje?, 51 min",,Igor Kolar,15_SU
2009,7.1.2009,"SU: Im' POSR, are you? Marko Mrdljenović, 57 min",,Marko Mrdljenovič,15_SU
2009,21.1.2009,"SU: ŽUPL - 3.0, Davorin Pavlica, Gregor Zaloznik, 50 min",,"Davorin Pavlica, Gregor Zalozni,15_SU",
2010,9.12.2010,Sandi Češko studio moderna,,Sandi Češko,03_DNR
2010,9.12.2010,Sandi Češko studio moderna,,Sandi Češko,03_DNR
2010,08.04.2010,"Simon Štranmcar??: Mladi podjetnik, ki je prepričal Mirka Tuša",,Simon Štramcar??,03_DNR
2010,08.04.2010,"Simon Štranmcar??: Mladi podjetnik, ki je prepričal Mirka Tuša",,Simon Štramcar??,03_DNR
2010,11.11.2010,Podjetništvo z drugega zornega kota: pogovor s skupino Siddharta kaseta 2,,,03_DNR
2010,11.03.2010,Tatjana Fink: Odločna liderka z občutkom za kreativnost in ljudi - Kaseta 2,,Tatjana Fink,03_DNR
2010,11.03.2010,Tatjana Fink: Odločna liderka z občutkom za kreativnost in ljudi - Kaseta 1,,Tatjana Fink,03_DNR
2010,11.02.2010,Ivo Boscarol - Nebo je njegova meja kaseta 2,,Ivo Boscarol,03_DNR
2010,14.01.2010,Milan & Marko Lukič Lumar Kaseta 2,,Milan & Marko Lukič,03_DNR
2010,14.01.2010,Milan & Marko Lukič Lumar Kaseta 1,,Milan & Marko Lukič,03_DNR
2010,13.05.2010,Raziskovalna skupina scentra za pedologijo in varstvo okolja biotehnične fakuletete UL - slovenski startup leta 2010,,,03_DNR
2010,11.02.2010,Ivo Boscarol - Nebo je njegova meja kaseta 1,,Ivo Boscarol,03_DNR
2010,15. 12. 10,Obrazi Japonske'' fotografska razstava in potopois potovanja 1,,,09_Sheet7
2010,27. 3. 2010,MOCAMP MOBILE OPERATORS VS. DEVNELOPERS PRED #3,,,09_Sheet7
2010,27. 3. 2010,MOCAMP PRED. #3,,,09_Sheet7
2010,15. 12. 2010,Obrazi Japonske'' fotografska razstava in potopois potovanja 2,,,09_Sheet7
2010,27. 3. 2010,"MOCAMP Mobile web hurdles & gotchas, Protect work mobile B wind. mobile &Sibrer light tech + case study PRED #3",,"Luka Kladarič, Tomislav Bronzin",09_Sheet7
2010,27. 3. 2010,MOCAMP ANDROIUD SCRIPTING ENVIORNMENT MOBILE MARKETING & THE RISE OF REAL... PRED #2 1/2,,"Nikola Plejič, Ivan Bakan",09_Sheet7
2010,14.12.2010,DIY multitouch,,Luka Čekovin/Čehovin,14_OOoCON 2007
2010,2.6.2010,Degutaeija Firefox 4,,"Seth. Bindernagel, Brian King, Alina Mierlus, Vito Smole",14_OOoCON 2007
2010,17.1.2010,MoMoSIO S03E03 Gaming&GraniFiction,,,14_OOoCON 2007
2011,13.01.2011,VIP s Tonetom Strnadom družba medis kaseta 2,,Tone Strnad,03_DNR
2011,12.05.2011,Vip z zmagovalcem start-up tekmovanja Klemen Španring in Rok Košir Diageromi d.o.o.,,Klemen Španring in Rok Košir,03_DNR
2011,14.04.2011,Vip z Vladimirjem Franceschim,,Vladimir Francesch,03_DNR
2011,13.01.2011,Vip s Tonetom Strnadom družba medis kaseta 1,,Tone Strnad,03_DNR
2011,10.03.2011,Vip večer s Petrom Florjančičem Kaseta 2,,Peter Florjančič,03_DNR
2011,10.03.2011,Vip večer s Petrom Florjančičem Kaseta 1,,Peter Florjančič,03_DNR
2011,10.02.2011,Mag. Aleš Lisac kaseta 2,,Mag. Aleš Lisac,03_DNR
2011,10.02.2011,Mag. Aleš Lisac kaseta 1,,Mag. Aleš Lisac,03_DNR
2011,13. 4. 2005,#172 SU Radio Kaos Kako smo delali Rdio KAOS in se ob tem celo 20.10.06,,Frank Barncat,09_Sheet7
2011,14. 9. 2011,SU #178 Silicijeva izkušnja,,Mitja Mavsar,09_Sheet7
2011,7.7. 2011,"DJANGO CAMP H2 1 Zvhalev: openio, 2 Markos: generic viens, 3 Kožar: Build up, 4 Hruške: local flavor 1/7 ",,,09_Sheet7
2011,1.2.2011,POT XLAB - OD SLIKE DO OBLIKE 1/1,,,09_Sheet7
2011,24. 5. 2011,POT Cafe Babe 3/9 Open Blend ekipa,,,09_Sheet7
2011,4.5.2011,SU #174 Oušl.me,,,09_Sheet7
2011,25. 1. 2011,Meritve in omejtive TV oglaševanja SU #163,,,09_Sheet7
2011,22. 5. 2011,"#176 SU / 173, Seedcamp ali zakaj so startup pospeševalnik",,,09_Sheet7
2011,17. 1. 2011,MoMoSlo SO3EO3 Gaming & Gantification 2,,,09_Sheet7
2011,18. 5. 2011,#175: Drupal 7 v praksi SU,,,09_Sheet7
2011,13. 10. 2011,VIP 2011/12 - 01 (ADIZES) 60 MIN 1/1,,,09_Sheet7
2011,5.10.2011,SU #181: UPRAVLJANJE Z DOBRIM IMENOM 1/1,,Patricia Cucin,09_Sheet7
2011,23. 02. 2011,SU #166 Spletne Urice Twitter bot platforma,,,09_Sheet7
2011,6.1.2011,CE OPTIČNI PICKUP ZA BAS KITARO 1/1,,"Miha Leskovec, Urban Iredič",09_Sheet7
2011,19. 1. 2011,SU 164 Vox. 10 - naslednja generacija spletne telefonije,,,09_Sheet7
2011,2.2.2011,#164 SU Eyetracking in splete stop,,,09_Sheet7
2011,2.3.2011,#SU168 Google App Engine 1/2,,Tomaž Krivic,09_Sheet7
2011,20. 4. 2011,#173 SU Slide2.com,,,09_Sheet7
2011,21. 9. 2011,SU #179: Javascript 1/,,,09_Sheet7
2011,11.10.2011,Razvoj splet. JAVLEE 6 in Scan 3,,,09_Sheet7
2011,24. 5. 2011,POT Cafe Babe 1/3 Open Blend ekipa,,,09_Sheet7
2011,23. 11. 2011,#186: OV2T Oblikovanje vsebin za tvonsm media,,,09_Sheet7
2011,6.4.2011,"#171 SU: S policijo, menihom in kajakom okoli Koreje 8/ firefox4 release party ",,,09_Sheet7
2011,16. 3. 2011,SU #169 HipsterVision.org ali nespečnost je awsome,,,09_Sheet7
2011,29. 3. 2011,POT - kako pohitrim mojo android aplikacijo 9 1/1,,J. Virag,09_Sheet7
2011,23. 3. 2011,SU #170 Facebook odprte tehnologije poganjajo oglaševalsko mrežo Double Recall,,,09_Sheet7
2011,10.5.2011,POT Hoja po oblakih,,A. Sraka,09_Sheet7
2011,5.4.2011,POT Telesni skenerji 10 1/1,,Edvard Šilc,09_Sheet7
2011,3.5.2011,"Detekcija Rgv6 pri pospeševalnikih delcev, 2. del PO5 12A-2",,,09_Sheet7
2011,3.5.2011,1. del,,,09_Sheet7
2011,24. 5. 2011,POT Cafe Babe 2/3 Open Blend ekipa,,,09_Sheet7
2011,12.10.2011,SU #182: Perl & asihrono kodiranje spletnih aplikacij,,,09_Sheet7
2011,18. 1. 2011,POT Wikidesetka 2,,,09_Sheet7
2011,28.3.2011,Momo S3E06,,,14_OOoCON 2007
2011,11.1.2011,Pot,,Miha Feliš,14_OOoCON 2007
2011,15.6.2011,Zaključek 5. sezone ali 177 1/3,,,14_OOoCON 2007
2011,28.2.2011,Nokia+Microsoft,,,14_OOoCON 2007
2011,8.3.2011,Pot Učenje in vzdrevanje v dobi web 2.0,,Lena Hofman,14_OOoCON 2007
2011,31.1.2011,USa vs Asia S03E04,,,14_OOoCON 2007
2011,31.1.2011,USa vs Asia S03E04,,,14_OOoCON 2007
2011,13.9.2011,Django meet,,David klasinc,14_OOoCON 2007
2011,4.6.2011,Mitja:Android natečaj agtermath;Jernej:Hitre aplikacije in GC,,,14_OOoCON 2007
2011,4.3.2011,Jan: Android deus+real world;Alja; Andorid dirls; Danilo: Kakor nove,,,14_OOoCON 2007
2004,28.2.2005/2004,"Blender delavnica, Matija Abram, 0-1h, 1/2",,Matija Abram,12_Spletne urice
2009,,"VIP#2 2/2, ~40 min",,,01_VIP
2010,,2/2 VIP#5 kamera 2,,,01_VIP
2010,,1/2 VIP#5 kamera 2,,,01_VIP
2010,,VIP#3 KAM1 KAS3  (samo 2 min),,,01_VIP
2010,,VIP#6 kam1 del2,,,01_VIP
,,,,,03_DNR
,,,,,03_DNR
,,,,,03_DNR
,,,,,03_DNR
,,,,,03_DNR
,,,,,03_DNR
,,,,,03_DNR
,,Zabolitsky (IJS),,,04_Dokumentacija-projektor
,,Najbrž tiskovka v metropolu / knjigarni,,,04_Dokumentacija-projektor
,,PCB_delavnica no. 1,,,04_Dokumentacija-projektor
,,PCB_delavnica no. 2,,,04_Dokumentacija-projektor
,,delavnica PPUA,,,04_Dokumentacija-projektor
,,Delavnica FPGA,,,04_Dokumentacija-projektor
,18.12,"BIO KIBERNETIKA, Robotski pristopi v nevrorehabilitaciji, Tadej Badd",,Tadej Badd,06_Kognitivna
,,"Jež o razpisik 1/1, Edina",,,06_Kognitivna
2007,,KENTARO - effect TV,,,08_SU 2007-08
2007,,cikel UI: Analiza šahovskih prvakov X OP: še en zvok FOO?,,Matej Guid,08_SU 2007-08
,,DOUBLE RECALL PRI,,,09_Sheet7
,,Odprtokodno e-izobraževanje 1/1,,,09_Sheet7
2007,,STUD. ARENA 07 PREDSTAVITEV KP 1/2,,,09_Sheet7
2007,,VIP Prodaja visoke tehnologije na globalnem trgu 2/2,,Rok Uršič,09_Sheet7
2007,,VIP Prodaja visoke tehnologije na globalnem trgu  HANDY 2/2 KASETKA JE PRAZNA,,Rok Uršič,09_Sheet7
2007,,VIP Prodaja visoke tehnologije na globalnih trgih 1/2,,Rok Uršič,09_Sheet7
2007,,VIP Prodaja visoke tehnologije na globalnem trgu HANDYCAM 1/2,,Rok Uršič,09_Sheet7
,,PRAZNA,,,09_Sheet7
,,IZIJEVA DELAVNICA SPAJKANJ,,,09_Sheet7
2005,,"Maja Bogataj Creative Commons, #3, 00-23 min",,Maja Bogataj,12_Spletne urice
2005,,"Maja Bogataj Creative Commons, #1, 00:00-60:00",,Maja Bogataj,12_Spletne urice
,,"Razno, Otvoritev Cassiopie¸",,,13_Predstavitev pipe
2008,,"Izven, Kapelica, Peter William Holden",,Peter William Holden,13_Predstavitev pipe
2006,,"haip 06, Times up",,,13_Predstavitev pipe
2006,,"Haip 06, Salsaman x Kentaro Fukuchi, Effectlives performanse",,Kentaro Fukuchi,13_Predstavitev pipe
2006,,Haip 2,,,13_Predstavitev pipe
2006,,Haip 3,,,13_Predstavitev pipe
2006,,Haip 5,,,13_Predstavitev pipe
2006,,Haip 1,,,13_Predstavitev pipe
2006,,Haip 4,,,13_Predstavitev pipe
2006,,Haip 6,,,13_Predstavitev pipe
,,Cassiopia Fake Live Stream 1,,,13_Predstavitev pipe
,,DWi Bot - Kiberpipa,,,13_Predstavitev pipe
2005,,"Hevreka / Okrogla miza o programskih patentih, 2. kaseta",,,13_Predstavitev pipe
2005,,"Hevreka / Okrogla miza o programskih patentih, 1. kaseta",,,13_Predstavitev pipe
2008,07.08.2008,"HAIP 08: Najglobji združevalec korporacijska himna, cela 1/1",,Johannes Grenzfurthner,The KASETKE
2008,03.11.2008,"HAIP 08: Galerija Vžigalica - otvoritev, various artists, KAS 1/1, ~12 min",,,The KASETKE
2008,31.11.2008,"HAIP 08: Otvoritev v Kiberpipi; Gentlle Junk, Cassiopia, neka ?? vezina Goto 80, 1/1, 8:30",,,The KASETKE
2008,02.11.2008,"HAIP 08: Pre-hajp buzz; CD, Vžigalica, ~11 min",,,The KASETKE
2008,04.11.2008,"HAIP: Community radio as an open source expression, 50 min",,Michael Schweiger,The KASETKE
2008,04.11.2008,"HAIP: Eleonora Oreggia aka Xname Virtualna entiteta, cela",,,The KASETKE
2008,04.11.2008,"HAIP 08: Predstavitev raziskav Glitch - arta, cela 1/1",,Rosa Menkman,The KASETKE
2008,05.11.2008,HAIP 08: Predavanje o umetničenem delu 1/1,,Sheena Macrae,The KASETKE
2008,05.11.2008,"HAIP 08: A small contribution to the Genesis of everyday life, 30 min",,Nika Autor & Mina Ciglar,The KASETKE
2008,05.11.2008,HAIP 08: Daniel Twing -Xinf 1/1,,,The KASETKE
2008,06.11.2008,"HAIP 08: Predstavitev pashevih izbranih del, 1/1, 33 min",,Martin Kottouf PASH,The KASETKE
2008,06.11.2008,"HAIP 08: Webnar - what burns never returns 1/2, cela",,Alessandro Carboni aka Ooffour / NPA officina@uroboros,The KASETKE
2008,06.11.2008,"HAIP 08: Webnar - what burns never returns 2/2, 13 min",,Alessandro Carboni aka Ooffour / NPA officina@uroboros,The KASETKE
2008,06.11.2008,"HAIP: Christine Sugrue & Damien Stwart, A cable Plays, 20 min",,HAIP: christinee sugrue & Damien St??,The KASETKE
2008,07.11.2008,iz GOTO80 jevega bloga o chip-glasbi,,Anders Carlsson,The KASETKE
2008,08.11.2008,"HAIP 08, Monochrom post- mortem, Kvatli clip končan inštalacije X ur po dogodku), 1/1, 2 min",,??,The KASETKE
2008,10.11.2008,"Ljubljana open wireless network, 53 min",,HAIP: Andraž Sraka,The KASETKE
2008,10.11.2008,HAIP 08: Paula Ečimović: Hacked varietis of the ponq computer vidk$o gnome experiance 20 min,,,The KASETKE
2008,10.11.2008,HAIP 08 What a tracerout 1/1,,,The KASETKE
2000,17.10.2000,Monochrom@HAIP: Coctail robots <30min,,,The KASETKE
2008,7.11.2008,"HAIP 08, The realisation and suppression twixtville, a temporary parallel City on na imaginary map, Time's up, 1/1, 45 min",,,The KASETKE