revija,leto,mesec,stevilka,Zgodovina
Računalniške novice,2008,3,5,398
Računalniške novice,2012,1,1-2,398
Računalniške novice,2012,2,3,398
Računalniške novice,2012,2,4,398
Računalniške novice,2012,3,5,398
Računalniške novice,2012,3,6,398
Računalniške novice,2012,4,7,398
Računalniške novice,2012,4,8,398
Računalniške novice,2012,5,9,398
Računalniške novice,2012,5,10,398
Računalniške novice,2012,6,11,398
Računalniške novice,2012,6,12,398
Računalniške novice,2012,7,13-14,398
Računalniške novice,2012,8,15-16,398
Računalniške novice,2012,9,17,398
Računalniške novice,2012,9,18,398
Računalniške novice,2012,10,19,398
Računalniške novice,2012,10,20,398
Računalniške novice,2012,11,21,398
Računalniške novice,2012,11,22,398
Računalniške novice,2012,12,23,398
Računalniške novice,2012,12,24,398
Računalniške novice,2013,1,1-2,398
Računalniške novice,2013,2,3,398
Računalniške novice,2013,2,4,398
Računalniške novice,2013,3,6,398
Računalniške novice,2013,4,7,398
Računalniške novice,2013,4,8,398
Računalniške novice,2013,5,9,398
Računalniške novice,2013,5,10,398
Računalniške novice,2013,6,11,398
Računalniške novice,2013,6,12,398
Računalniške novice,2013,7,13-14,398
Računalniške novice,2013,8,15-16,398
Računalniške novice,2013,9,18,398
Računalniške novice,2013,10,19,398
Računalniške novice,2013,10,20,398
Računalniške novice,2013,11,21,398
Računalniške novice,2013,11,22,398
Računalniške novice,2013,12,23,398
Računalniške novice,2013,12,24,398
Računalniške novice,2014,1,1-2,398
Računalniške novice,2014,2,3,398
Računalniške novice,2014,2,4,398
Računalniške novice,2014,3,5,398
Računalniške novice,2014,4,7,398
Računalniške novice,2014,4,8,398
Računalniške novice,2014,5,9,398
Računalniške novice,2014,5,10,398
Računalniške novice,2014,6,11,398
Računalniške novice,2014,6,12,398
Računalniške novice,2014,7,13-14,398
Računalniške novice,2014,8,15-16,398
Računalniške novice,2014,9,17,398
Računalniške novice,2014,10,19,398
Računalniške novice,2014,10,20,398
Računalniške novice,2014,11,21,398
Računalniške novice,2014,11,22,398
Računalniške novice,2014,12,23,398
Računalniške novice,2014,12,24,398
Računalniške novice,2015,2,4,398
Računalniške novice,2015,3,5,398
Računalniške novice,2015,3,6,398
Računalniške novice,2015,4,7,398
Računalniške novice,2015,4,8,398
Računalniške novice,2015,5,9,398
Računalniške novice,2015,5,10,398
Računalniške novice,2015,6,11,398
Računalniške novice,2015,6,12,398
Računalniške novice,2015,8,15-16,398
Računalniške novice,2015,9,17,398
Računalniške novice,2015,9,18,398
Računalniške novice,2015,10,19,398
Računalniške novice,2015,10,20,398
Računalniške novice,2015,11,21,398
Računalniške novice,2015,11,22,398
Računalniške novice,2015,12,23,398
Računalniške novice,2015,12,24,398
Računalniške novice,2016,1,1-2,398
Računalniške novice,2016,2,3,398
Računalniške novice,2016,2,4,398
Računalniške novice,2016,3,5,398
Računalniške novice,2016,3,6,398
Računalniške novice,2016,4,7,398
Računalniške novice,2016,4,8,398
Računalniške novice,2016,5,9,398
Računalniške novice,2016,5,10,398
Računalniške novice,2016,6,11,398
Računalniške novice,2016,6,12,398
Računalniške novice,2016,7,13-14,398
Računalniške novice,2016,8,15-16,398
Računalniške novice,2016,9,17,398
Računalniške novice,2016,9,18,398
Računalniške novice,2016,10,19,398
Računalniške novice,2016,10,20,398
Računalniške novice,2016,11,21,398
Računalniške novice,2016,11,22,398
Računalniške novice,2016,12,23,398
Računalniške novice,2016,12,24,398
Računalniške novice,2017,1,1-2,398
Računalniške novice,2017,2,3,398
Računalniške novice,2017,2,4,398
Računalniške novice,2017,3,5,398
Računalniške novice,2017,3,6,398
Računalniške novice,2017,4,7,398
Računalniške novice,2017,4,8,398
Računalniške novice,2017,5,10,398
Računalniške novice,2017,6,11,398
Računalniške novice,2017,6,12,398
Računalniške novice,2017,7,13-14,398
Računalniške novice,2017,8,15-16,398
Računalniške novice,2017,9,17,398
Računalniške novice,2017,9,18,398
Računalniške novice,2017,10,19,398
Računalniške novice,2017,10,20,398
Računalniške novice,2017,11,22,398
Računalniške novice,2017,12,23,398
Računalniške novice,2017,12,24,398
Računalniške novice,2018,1,1-2,398
Računalniške novice,2018,2,3,398
Računalniške novice,2018,2,4,398
Računalniške novice,2018,3,5,398
Računalniške novice,2018,3,6,398
Računalniške novice,2018,4,7,398
Računalniške novice,2018,4,8,398
Računalniške novice,2018,5,9,398
Računalniške novice,2018,5,10,398
Računalniške novice,2018,6,12,398
Računalniške novice,2018,7,13-14,398
Računalniške novice,2018,8,15-16,398
Računalniške novice,2018,9,17,398
Računalniške novice,2018,9,18,398
Računalniške novice,2018,10,19,398
Računalniške novice,2018,11,21,398
Računalniške novice,2018,12,23,398
Računalniške novice,2018,12,24,398
Računalniške novice,2019,3,6,398
Računalniške novice,2019,8,15-16,398
Računalniške novice,2019,9,17,398
Računalniške novice,2019,9,18,398
Računalniške novice,2019,10,19,398
Računalniške novice,2019,10,20,398
Računalniške novice,2019,11,21,398
Računalniške novice,2019,12,23,398
Računalniške novice,2019,12,24,398
Računalniške novice,2020,2,3,398
Računalniške novice,2020,2,4,398
Računalniške novice,2020,3,5,398
Računalniške novice,2020,3,6,398
Računalniške novice,2020,4,7,398
Računalniške novice,2020,5,9,398
Računalniške novice,2020,5,10,398
Računalniške novice,2020,6,11,398
Računalniške novice,2020,6,12,398
Računalniške novice,2020,7,13-14,398
Računalniške novice,2020,8,15-16,398
Računalniške novice,2020,9,17,398
Računalniške novice,2020,9,18,398
Računalniške novice,2020,10,19,398
Računalniške novice,2020,10,20,398
Računalniške novice,2020,11,21,398
Računalniške novice,2020,11,22,398
Računalniške novice,2020,12,23,398
Računalniške novice,2020,12,24,398
Računalniške novice,2021,1,1-2,398
Računalniške novice,2021,2,3,398
Računalniške novice,2021,2,4,398
Računalniške novice,2021,3,5,398
Računalniške novice,2021,3,6,398
Računalniške novice,2021,4,7,398
Računalniške novice,2021,4,8,398
Računalniške novice,2021,5,9,398
Računalniške novice,2021,5,10,398
Računalniške novice,2021,6,11,398
Računalniške novice,2021,6,12,398
Računalniške novice,2021,7,13-14,398
Računalniške novice,2021,8,15-16,398
Računalniške novice,2021,9,17,398
Računalniške novice,2021,10,19,398
Računalniške novice,2021,10,20,398
Računalniške novice,2021,11,21,398
Računalniške novice,2021,11,22,398
Računalniške novice,2021,12,23,398
Računalniške novice,2021,12,24,398
Računalniške novice,2022,2,3,398
Računalniške novice,2022,2,4,398
Računalniške novice,2022,3,5,398
Računalniške novice,2022,3,6,398
Računalniške novice,2022,4,7,398
Računalniške novice,2022,4,8,398
Računalniške novice,2022,5,9,398
Računalniške novice,2022,5,10,398
Računalniške novice,2022,6,11,398
Računalniške novice,2022,6,12,398
Računalniške novice,2022,7,13-14,398
Računalniške novice,2022,8,15-16,398
Računalniške novice,2022,9,18,398
Računalniške novice,2022,10,19,398
Računalniške novice,2022,10,20,398
Računalniške novice,2022,11,21,398
Računalniške novice,2022,11,22,398
Računalniške novice,2022,12,23,398
Računalniške novice,2022,12,24,398