eksponat	vrsta	serijska	leto	fotografije
Kompjuter PDF	Revija	1984-05	1984	http://revije.muzej.si/Kompjuter/KOM-1984-05.pdf
BIT PDF	Revija	1985-08	1985	http://revije.muzej.si/BIT/BIT-1985-08.pdf
BIT PDF	Revija	1984-10	1984	http://revije.muzej.si/BIT/BIT-1984-10.pdf
BIT PDF	Revija	1986-01	1986	http://revije.muzej.si/BIT/BIT-1986-01.pdf
BIT PDF	Revija	1984-07	1984	http://revije.muzej.si/BIT/BIT-1984-07.pdf
BIT PDF	Revija	1986-02	1986	http://revije.muzej.si/BIT/BIT-1986-02.pdf
BIT PDF	Revija	1984-06	1984	http://revije.muzej.si/BIT/BIT-1984-06.pdf
BIT PDF	Revija	1984-12	1984	http://revije.muzej.si/BIT/BIT-1984-12.pdf
BIT PDF	Revija	1984-09	1984	http://revije.muzej.si/BIT/BIT-1984-09.pdf
BIT PDF	Revija	1985-01	1985	http://revije.muzej.si/BIT/BIT-1985-01.pdf
BIT PDF	Revija	1985-03	1985	http://revije.muzej.si/BIT/BIT-1985-03.pdf
BIT PDF	Revija	1985-02	1985	http://revije.muzej.si/BIT/BIT-1985-02.pdf
BIT PDF	Revija	1985-12	1985	http://revije.muzej.si/BIT/BIT-1985-12.pdf
BIT PDF	Revija	1985-06	1985	http://revije.muzej.si/BIT/BIT-1985-06.pdf
BIT PDF	Revija	1985-11	1985	http://revije.muzej.si/BIT/BIT-1985-11.pdf
BIT PDF	Revija	1985-04	1985	http://revije.muzej.si/BIT/BIT-1985-04.pdf
Moj Mikro - hrvaški PDF	Revija	1990-12	1990	http://revije.muzej.si/Moj Mikro - hrvaški/MMH-1990-12.pdf
Moj Mikro - hrvaški PDF	Revija	1990-06	1990	http://revije.muzej.si/Moj Mikro - hrvaški/MMH-1990-06.pdf
Moj Mikro - hrvaški PDF	Revija	1990-07	1990	http://revije.muzej.si/Moj Mikro - hrvaški/MMH-1990-07.pdf
Moj Mikro - hrvaški PDF	Revija	1987-09	1987	http://revije.muzej.si/Moj Mikro - hrvaški/MMH-1987-09.pdf
Moj Mikro - hrvaški PDF	Revija	1990-05	1990	http://revije.muzej.si/Moj Mikro - hrvaški/MMH-1990-05.pdf
Moj Mikro - hrvaški PDF	Revija	1990-11	1990	http://revije.muzej.si/Moj Mikro - hrvaški/MMH-1990-11.pdf
Moj Mikro - hrvaški PDF	Revija	1990-10	1990	http://revije.muzej.si/Moj Mikro - hrvaški/MMH-1990-10.pdf
Moj Mikro - hrvaški PDF	Revija	1990-04	1990	http://revije.muzej.si/Moj Mikro - hrvaški/MMH-1990-04.pdf
Moj Mikro - hrvaški PDF	Revija	1985-09	1985	http://revije.muzej.si/Moj Mikro - hrvaški/MMH-1985-09.pdf
Moj Mikro - hrvaški PDF	Revija	1989-09	1989	http://revije.muzej.si/Moj Mikro - hrvaški/MMH-1989-09.pdf
Moj Mikro - hrvaški PDF	Revija	1990-01	1990	http://revije.muzej.si/Moj Mikro - hrvaški/MMH-1990-01.pdf
Moj Mikro - hrvaški PDF	Revija	1985-08	1985	http://revije.muzej.si/Moj Mikro - hrvaški/MMH-1985-08.pdf
Moj Mikro - hrvaški PDF	Revija	1990-03	1990	http://revije.muzej.si/Moj Mikro - hrvaški/MMH-1990-03.pdf
Moj Mikro - hrvaški PDF	Revija	1990-02	1990	http://revije.muzej.si/Moj Mikro - hrvaški/MMH-1990-02.pdf
Moj Mikro - hrvaški PDF	Revija	1988-10	1988	http://revije.muzej.si/Moj Mikro - hrvaški/MMH-1988-10.pdf
Moj Mikro - hrvaški PDF	Revija	1988-04	1988	http://revije.muzej.si/Moj Mikro - hrvaški/MMH-1988-04.pdf
Moj Mikro - hrvaški PDF	Revija	1986-01	1986	http://revije.muzej.si/Moj Mikro - hrvaški/MMH-1986-01.pdf
Moj Mikro - hrvaški PDF	Revija	1988-05	1988	http://revije.muzej.si/Moj Mikro - hrvaški/MMH-1988-05.pdf
Moj Mikro - hrvaški PDF	Revija	1988-11	1988	http://revije.muzej.si/Moj Mikro - hrvaški/MMH-1988-11.pdf
Moj Mikro - hrvaški PDF	Revija	1988-07	1988	http://revije.muzej.si/Moj Mikro - hrvaški/MMH-1988-07.pdf
Moj Mikro - hrvaški PDF	Revija	1986-02	1986	http://revije.muzej.si/Moj Mikro - hrvaški/MMH-1986-02.pdf
Moj Mikro - hrvaški PDF	Revija	1986-03	1986	http://revije.muzej.si/Moj Mikro - hrvaški/MMH-1986-03.pdf
Moj Mikro - hrvaški PDF	Revija	1988-12	1988	http://revije.muzej.si/Moj Mikro - hrvaški/MMH-1988-12.pdf
Moj Mikro - hrvaški PDF	Revija	1988-06	1988	http://revije.muzej.si/Moj Mikro - hrvaški/MMH-1988-06.pdf
Moj Mikro - hrvaški PDF	Revija	1986-07	1986	http://revije.muzej.si/Moj Mikro - hrvaški/MMH-1986-07.pdf
Moj Mikro - hrvaški PDF	Revija	1988-02	1988	http://revije.muzej.si/Moj Mikro - hrvaški/MMH-1988-02.pdf
Moj Mikro - hrvaški PDF	Revija	1988-03	1988	http://revije.muzej.si/Moj Mikro - hrvaški/MMH-1988-03.pdf
Moj Mikro - hrvaški PDF	Revija	1986-06	1986	http://revije.muzej.si/Moj Mikro - hrvaški/MMH-1986-06.pdf
Moj Mikro - hrvaški PDF	Revija	1986-12	1986	http://revije.muzej.si/Moj Mikro - hrvaški/MMH-1986-12.pdf
Moj Mikro - hrvaški PDF	Revija	1986-04	1986	http://revije.muzej.si/Moj Mikro - hrvaški/MMH-1986-04.pdf
Moj Mikro - hrvaški PDF	Revija	1986-10	1986	http://revije.muzej.si/Moj Mikro - hrvaški/MMH-1986-10.pdf
Moj Mikro - hrvaški PDF	Revija	1988-01	1988	http://revije.muzej.si/Moj Mikro - hrvaški/MMH-1988-01.pdf
Moj Mikro - hrvaški PDF	Revija	1991-09	1991	http://revije.muzej.si/Moj Mikro - hrvaški/MMH-1991-09.pdf
Moj Mikro - hrvaški PDF	Revija	1986-11	1986	http://revije.muzej.si/Moj Mikro - hrvaški/MMH-1986-11.pdf
Moj Mikro - hrvaški PDF	Revija	1986-05	1986	http://revije.muzej.si/Moj Mikro - hrvaški/MMH-1986-05.pdf
Moj Mikro - hrvaški PDF	Revija	1991-04	1991	http://revije.muzej.si/Moj Mikro - hrvaški/MMH-1991-04.pdf
Moj Mikro - hrvaški PDF	Revija	1991-10	1991	http://revije.muzej.si/Moj Mikro - hrvaški/MMH-1991-10.pdf
Moj Mikro - hrvaški PDF	Revija	1991-05	1991	http://revije.muzej.si/Moj Mikro - hrvaški/MMH-1991-05.pdf
Moj Mikro - hrvaški PDF	Revija	1986-09	1986	http://revije.muzej.si/Moj Mikro - hrvaški/MMH-1986-09.pdf
Moj Mikro - hrvaški PDF	Revija	1991-07	1991	http://revije.muzej.si/Moj Mikro - hrvaški/MMH-1991-07.pdf
Moj Mikro - hrvaški PDF	Revija	1991-06	1991	http://revije.muzej.si/Moj Mikro - hrvaški/MMH-1991-06.pdf
Moj Mikro - hrvaški PDF	Revija	1991-02	1991	http://revije.muzej.si/Moj Mikro - hrvaški/MMH-1991-02.pdf
Moj Mikro - hrvaški PDF	Revija	1991-03	1991	http://revije.muzej.si/Moj Mikro - hrvaški/MMH-1991-03.pdf
Moj Mikro - hrvaški PDF	Revija	1991-01	1991	http://revije.muzej.si/Moj Mikro - hrvaški/MMH-1991-01.pdf
Moj Mikro - hrvaški PDF	Revija	1988-09	1988	http://revije.muzej.si/Moj Mikro - hrvaški/MMH-1988-09.pdf
Moj Mikro - hrvaški PDF	Revija	1985-12	1985	http://revije.muzej.si/Moj Mikro - hrvaški/MMH-1985-12.pdf
Moj Mikro - hrvaški PDF	Revija	1985-06	1985	http://revije.muzej.si/Moj Mikro - hrvaški/MMH-1985-06.pdf
Moj Mikro - hrvaški PDF	Revija	1987-03	1987	http://revije.muzej.si/Moj Mikro - hrvaški/MMH-1987-03.pdf
Moj Mikro - hrvaški PDF	Revija	1989-06	1989	http://revije.muzej.si/Moj Mikro - hrvaški/MMH-1989-06.pdf
Moj Mikro - hrvaški PDF	Revija	1989-12	1989	http://revije.muzej.si/Moj Mikro - hrvaški/MMH-1989-12.pdf
Moj Mikro - hrvaški PDF	Revija	1989-07	1989	http://revije.muzej.si/Moj Mikro - hrvaški/MMH-1989-07.pdf
Moj Mikro - hrvaški PDF	Revija	1987-02	1987	http://revije.muzej.si/Moj Mikro - hrvaški/MMH-1987-02.pdf
Moj Mikro - hrvaški PDF	Revija	1985-07	1985	http://revije.muzej.si/Moj Mikro - hrvaški/MMH-1985-07.pdf
Moj Mikro - hrvaški PDF	Revija	1985-05	1985	http://revije.muzej.si/Moj Mikro - hrvaški/MMH-1985-05.pdf
Moj Mikro - hrvaški PDF	Revija	1985-11	1985	http://revije.muzej.si/Moj Mikro - hrvaški/MMH-1985-11.pdf
Moj Mikro - hrvaški PDF	Revija	1989-11	1989	http://revije.muzej.si/Moj Mikro - hrvaški/MMH-1989-11.pdf
Moj Mikro - hrvaški PDF	Revija	1989-05	1989	http://revije.muzej.si/Moj Mikro - hrvaški/MMH-1989-05.pdf
Moj Mikro - hrvaški PDF	Revija	1989-04	1989	http://revije.muzej.si/Moj Mikro - hrvaški/MMH-1989-04.pdf
Moj Mikro - hrvaški PDF	Revija	1989-10	1989	http://revije.muzej.si/Moj Mikro - hrvaški/MMH-1989-10.pdf
Moj Mikro - hrvaški PDF	Revija	1987-01	1987	http://revije.muzej.si/Moj Mikro - hrvaški/MMH-1987-01.pdf
Moj Mikro - hrvaški PDF	Revija	1985-10	1985	http://revije.muzej.si/Moj Mikro - hrvaški/MMH-1985-10.pdf
Moj Mikro - hrvaški PDF	Revija	1985-04	1985	http://revije.muzej.si/Moj Mikro - hrvaški/MMH-1985-04.pdf
Moj Mikro - hrvaški PDF	Revija	1987-05	1987	http://revije.muzej.si/Moj Mikro - hrvaški/MMH-1987-05.pdf
Moj Mikro - hrvaški PDF	Revija	1987-11	1987	http://revije.muzej.si/Moj Mikro - hrvaški/MMH-1987-11.pdf
Moj Mikro - hrvaški PDF	Revija	1990-09	1990	http://revije.muzej.si/Moj Mikro - hrvaški/MMH-1990-09.pdf
Moj Mikro - hrvaški PDF	Revija	1987-10	1987	http://revije.muzej.si/Moj Mikro - hrvaški/MMH-1987-10.pdf
Moj Mikro - hrvaški PDF	Revija	1987-04	1987	http://revije.muzej.si/Moj Mikro - hrvaški/MMH-1987-04.pdf
Moj Mikro - hrvaški PDF	Revija	1989-01	1989	http://revije.muzej.si/Moj Mikro - hrvaški/MMH-1989-01.pdf
Moj Mikro - hrvaški PDF	Revija	1985-01	1985	http://revije.muzej.si/Moj Mikro - hrvaški/MMH-1985-01.pdf
Moj Mikro - hrvaški PDF	Revija	1985-03	1985	http://revije.muzej.si/Moj Mikro - hrvaški/MMH-1985-03.pdf
Moj Mikro - hrvaški PDF	Revija	1989-03	1989	http://revije.muzej.si/Moj Mikro - hrvaški/MMH-1989-03.pdf
Moj Mikro - hrvaški PDF	Revija	1987-12	1987	http://revije.muzej.si/Moj Mikro - hrvaški/MMH-1987-12.pdf
Moj Mikro - hrvaški PDF	Revija	1987-06	1987	http://revije.muzej.si/Moj Mikro - hrvaški/MMH-1987-06.pdf
Moj Mikro - hrvaški PDF	Revija	1987-07	1987	http://revije.muzej.si/Moj Mikro - hrvaški/MMH-1987-07.pdf
Moj Mikro - hrvaški PDF	Revija	1989-02	1989	http://revije.muzej.si/Moj Mikro - hrvaški/MMH-1989-02.pdf
Moj Mikro - hrvaški PDF	Revija	1985-02	1985	http://revije.muzej.si/Moj Mikro - hrvaški/MMH-1985-02.pdf
Club Nintendo PDF	Revija	1994-11	1994	http://revije.muzej.si/Club Nintendo/CN-1994-11.pdf
Club Nintendo PDF	Revija	1994-05	1994	http://revije.muzej.si/Club Nintendo/CN-1994-05.pdf
Club Nintendo PDF	Revija	1994-07	1994	http://revije.muzej.si/Club Nintendo/CN-1994-07.pdf
Club Nintendo PDF	Revija	1994-03	1994	http://revije.muzej.si/Club Nintendo/CN-1994-03.pdf
Club Nintendo PDF	Revija	1994-01	1994	http://revije.muzej.si/Club Nintendo/CN-1994-01.pdf
Club Nintendo PDF	Revija	1993-09	1993	http://revije.muzej.si/Club Nintendo/CN-1993-09.pdf
Club Nintendo PDF	Revija	1993-07	1993	http://revije.muzej.si/Club Nintendo/CN-1993-07.pdf
Club Nintendo PDF	Revija	1994-09	1994	http://revije.muzej.si/Club Nintendo/CN-1994-09.pdf
Svet Igara PDF	Revija	08		http://revije.muzej.si/Svet Igara/SvetIgara-08.pdf
Svet Igara PDF	Revija	09		http://revije.muzej.si/Svet Igara/SvetIgara-09.pdf
Svet Igara PDF	Revija	10		http://revije.muzej.si/Svet Igara/SvetIgara-10.pdf
Svet Igara PDF	Revija	04		http://revije.muzej.si/Svet Igara/SvetIgara-04.pdf
Svet Igara PDF	Revija	05		http://revije.muzej.si/Svet Igara/SvetIgara-05.pdf
Svet Igara PDF	Revija	11		http://revije.muzej.si/Svet Igara/SvetIgara-11.pdf
Svet Igara PDF	Revija	07		http://revije.muzej.si/Svet Igara/SvetIgara-07.pdf
Svet Igara PDF	Revija	13		http://revije.muzej.si/Svet Igara/SvetIgara-13.pdf
Svet Igara PDF	Revija	12		http://revije.muzej.si/Svet Igara/SvetIgara-12.pdf
Svet Igara PDF	Revija	06		http://revije.muzej.si/Svet Igara/SvetIgara-06.pdf
Svet Igara PDF	Revija	02		http://revije.muzej.si/Svet Igara/SvetIgara-02.pdf
Svet Igara PDF	Revija	03		http://revije.muzej.si/Svet Igara/SvetIgara-03.pdf
Svet Igara PDF	Revija	01		http://revije.muzej.si/Svet Igara/SvetIgara-01.pdf
Svet Igara PDF	Revija	14		http://revije.muzej.si/Svet Igara/SvetIgara-14.pdf
Moj Mikro PDF	Revija	1993-01	1993	http://revije.muzej.si/Moj Mikro/MMS-1993-01.pdf
Moj Mikro PDF	Revija	1991-10	1991	http://revije.muzej.si/Moj Mikro/MMS-1991-10.pdf
Moj Mikro PDF	Revija	1991-04	1991	http://revije.muzej.si/Moj Mikro/MMS-1991-04.pdf
Moj Mikro PDF	Revija	1991-05	1991	http://revije.muzej.si/Moj Mikro/MMS-1991-05.pdf
Moj Mikro PDF	Revija	1991-11	1991	http://revije.muzej.si/Moj Mikro/MMS-1991-11.pdf
Moj Mikro PDF	Revija	1986-09	1986	http://revije.muzej.si/Moj Mikro/MMS-1986-09.pdf
Moj Mikro PDF	Revija	1993-02	1993	http://revije.muzej.si/Moj Mikro/MMS-1993-02.pdf
Moj Mikro PDF	Revija	1991-07	1991	http://revije.muzej.si/Moj Mikro/MMS-1991-07.pdf
Moj Mikro PDF	Revija	1991-12	1991	http://revije.muzej.si/Moj Mikro/MMS-1991-12.pdf
Moj Mikro PDF	Revija	1991-06	1991	http://revije.muzej.si/Moj Mikro/MMS-1991-06.pdf
Moj Mikro PDF	Revija	1993-03	1993	http://revije.muzej.si/Moj Mikro/MMS-1993-03.pdf
Moj Mikro PDF	Revija	1993-07	1993	http://revije.muzej.si/Moj Mikro/MMS-1993-07.pdf
Moj Mikro PDF	Revija	1991-02	1991	http://revije.muzej.si/Moj Mikro/MMS-1991-02.pdf
Moj Mikro PDF	Revija	1991-03	1991	http://revije.muzej.si/Moj Mikro/MMS-1991-03.pdf
Moj Mikro PDF	Revija	1993-12	1993	http://revije.muzej.si/Moj Mikro/MMS-1993-12.pdf
Moj Mikro PDF	Revija	1993-06	1993	http://revije.muzej.si/Moj Mikro/MMS-1993-06.pdf
Moj Mikro PDF	Revija	1993-10	1993	http://revije.muzej.si/Moj Mikro/MMS-1993-10.pdf
Moj Mikro PDF	Revija	1993-04	1993	http://revije.muzej.si/Moj Mikro/MMS-1993-04.pdf
Moj Mikro PDF	Revija	1991-01	1991	http://revije.muzej.si/Moj Mikro/MMS-1991-01.pdf
Moj Mikro PDF	Revija	1988-09	1988	http://revije.muzej.si/Moj Mikro/MMS-1988-09.pdf
Moj Mikro PDF	Revija	1984-09	1984	http://revije.muzej.si/Moj Mikro/MMS-1984-09.pdf
Moj Mikro PDF	Revija	1993-05	1993	http://revije.muzej.si/Moj Mikro/MMS-1993-05.pdf
Moj Mikro PDF	Revija	1993-11	1993	http://revije.muzej.si/Moj Mikro/MMS-1993-11.pdf
Moj Mikro PDF	Revija	1989-12	1989	http://revije.muzej.si/Moj Mikro/MMS-1989-12.pdf
Moj Mikro PDF	Revija	1989-06	1989	http://revije.muzej.si/Moj Mikro/MMS-1989-06.pdf
Moj Mikro PDF	Revija	1987-03	1987	http://revije.muzej.si/Moj Mikro/MMS-1987-03.pdf
Moj Mikro PDF	Revija	1985-06	1985	http://revije.muzej.si/Moj Mikro/MMS-1985-06.pdf
Moj Mikro PDF	Revija	1985-12	1985	http://revije.muzej.si/Moj Mikro/MMS-1985-12.pdf
Moj Mikro PDF	Revija	1985-07	1985	http://revije.muzej.si/Moj Mikro/MMS-1985-07.pdf
Moj Mikro PDF	Revija	1987-02	1987	http://revije.muzej.si/Moj Mikro/MMS-1987-02.pdf
Moj Mikro PDF	Revija	1989-07	1989	http://revije.muzej.si/Moj Mikro/MMS-1989-07.pdf
Moj Mikro PDF	Revija	1989-05	1989	http://revije.muzej.si/Moj Mikro/MMS-1989-05.pdf
Moj Mikro PDF	Revija	1989-11	1989	http://revije.muzej.si/Moj Mikro/MMS-1989-11.pdf
Moj Mikro PDF	Revija	1992-09	1992	http://revije.muzej.si/Moj Mikro/MMS-1992-09.pdf
Moj Mikro PDF	Revija	1985-11	1985	http://revije.muzej.si/Moj Mikro/MMS-1985-11.pdf
Moj Mikro PDF	Revija	1985-05	1985	http://revije.muzej.si/Moj Mikro/MMS-1985-05.pdf
Moj Mikro PDF	Revija	1985-04	1985	http://revije.muzej.si/Moj Mikro/MMS-1985-04.pdf
Moj Mikro PDF	Revija	1985-10	1985	http://revije.muzej.si/Moj Mikro/MMS-1985-10.pdf
Moj Mikro PDF	Revija	1987-01	1987	http://revije.muzej.si/Moj Mikro/MMS-1987-01.pdf
Moj Mikro PDF	Revija	1989-10	1989	http://revije.muzej.si/Moj Mikro/MMS-1989-10.pdf
Moj Mikro PDF	Revija	1989-04	1989	http://revije.muzej.si/Moj Mikro/MMS-1989-04.pdf
Moj Mikro PDF	Revija	1987-11	1987	http://revije.muzej.si/Moj Mikro/MMS-1987-11.pdf
Moj Mikro PDF	Revija	1987-05	1987	http://revije.muzej.si/Moj Mikro/MMS-1987-05.pdf
Moj Mikro PDF	Revija	1990-09	1990	http://revije.muzej.si/Moj Mikro/MMS-1990-09.pdf
Moj Mikro PDF	Revija	1985-01	1985	http://revije.muzej.si/Moj Mikro/MMS-1985-01.pdf
Moj Mikro PDF	Revija	1989-01	1989	http://revije.muzej.si/Moj Mikro/MMS-1989-01.pdf
Moj Mikro PDF	Revija	1987-04	1987	http://revije.muzej.si/Moj Mikro/MMS-1987-04.pdf
Moj Mikro PDF	Revija	1987-10	1987	http://revije.muzej.si/Moj Mikro/MMS-1987-10.pdf
Moj Mikro PDF	Revija	1987-06	1987	http://revije.muzej.si/Moj Mikro/MMS-1987-06.pdf
Moj Mikro PDF	Revija	1987-12	1987	http://revije.muzej.si/Moj Mikro/MMS-1987-12.pdf
Moj Mikro PDF	Revija	1989-03	1989	http://revije.muzej.si/Moj Mikro/MMS-1989-03.pdf
Moj Mikro PDF	Revija	1985-03	1985	http://revije.muzej.si/Moj Mikro/MMS-1985-03.pdf
Moj Mikro PDF	Revija	1985-02	1985	http://revije.muzej.si/Moj Mikro/MMS-1985-02.pdf
Moj Mikro PDF	Revija	1989-02	1989	http://revije.muzej.si/Moj Mikro/MMS-1989-02.pdf
Moj Mikro PDF	Revija	1987-07	1987	http://revije.muzej.si/Moj Mikro/MMS-1987-07.pdf
Moj Mikro PDF	Revija	1990-06	1990	http://revije.muzej.si/Moj Mikro/MMS-1990-06.pdf
Moj Mikro PDF	Revija	1990-12	1990	http://revije.muzej.si/Moj Mikro/MMS-1990-12.pdf
Moj Mikro PDF	Revija	1992-03	1992	http://revije.muzej.si/Moj Mikro/MMS-1992-03.pdf
Moj Mikro PDF	Revija	1992-02	1992	http://revije.muzej.si/Moj Mikro/MMS-1992-02.pdf
Moj Mikro PDF	Revija	1990-07	1990	http://revije.muzej.si/Moj Mikro/MMS-1990-07.pdf
Moj Mikro PDF	Revija	1987-09	1987	http://revije.muzej.si/Moj Mikro/MMS-1987-09.pdf
Moj Mikro PDF	Revija	1990-11	1990	http://revije.muzej.si/Moj Mikro/MMS-1990-11.pdf
Moj Mikro PDF	Revija	1990-05	1990	http://revije.muzej.si/Moj Mikro/MMS-1990-05.pdf
Moj Mikro PDF	Revija	1992-01	1992	http://revije.muzej.si/Moj Mikro/MMS-1992-01.pdf
Moj Mikro PDF	Revija	1990-04	1990	http://revije.muzej.si/Moj Mikro/MMS-1990-04.pdf
Moj Mikro PDF	Revija	1990-10	1990	http://revije.muzej.si/Moj Mikro/MMS-1990-10.pdf
Moj Mikro PDF	Revija	1989-09	1989	http://revije.muzej.si/Moj Mikro/MMS-1989-09.pdf
Moj Mikro PDF	Revija	1992-11	1992	http://revije.muzej.si/Moj Mikro/MMS-1992-11.pdf
Moj Mikro PDF	Revija	1992-05	1992	http://revije.muzej.si/Moj Mikro/MMS-1992-05.pdf
Moj Mikro PDF	Revija	1985-09	1985	http://revije.muzej.si/Moj Mikro/MMS-1985-09.pdf
Moj Mikro PDF	Revija	1985-08	1985	http://revije.muzej.si/Moj Mikro/MMS-1985-08.pdf
Moj Mikro PDF	Revija	1992-04	1992	http://revije.muzej.si/Moj Mikro/MMS-1992-04.pdf
Moj Mikro PDF	Revija	1992-10	1992	http://revije.muzej.si/Moj Mikro/MMS-1992-10.pdf
Moj Mikro PDF	Revija	1990-01	1990	http://revije.muzej.si/Moj Mikro/MMS-1990-01.pdf
Moj Mikro PDF	Revija	1990-03	1990	http://revije.muzej.si/Moj Mikro/MMS-1990-03.pdf
Moj Mikro PDF	Revija	1992-06	1992	http://revije.muzej.si/Moj Mikro/MMS-1992-06.pdf
Moj Mikro PDF	Revija	1992-12	1992	http://revije.muzej.si/Moj Mikro/MMS-1992-12.pdf
Moj Mikro PDF	Revija	1992-07	1992	http://revije.muzej.si/Moj Mikro/MMS-1992-07.pdf
Moj Mikro PDF	Revija	1990-02	1990	http://revije.muzej.si/Moj Mikro/MMS-1990-02.pdf
Moj Mikro PDF	Revija	1984-10	1984	http://revije.muzej.si/Moj Mikro/MMS-1984-10.pdf
Moj Mikro PDF	Revija	1986-01	1986	http://revije.muzej.si/Moj Mikro/MMS-1986-01.pdf
Moj Mikro PDF	Revija	1988-04	1988	http://revije.muzej.si/Moj Mikro/MMS-1988-04.pdf
Moj Mikro PDF	Revija	1988-10	1988	http://revije.muzej.si/Moj Mikro/MMS-1988-10.pdf
Moj Mikro PDF	Revija	1988-11	1988	http://revije.muzej.si/Moj Mikro/MMS-1988-11.pdf
Moj Mikro PDF	Revija	1988-05	1988	http://revije.muzej.si/Moj Mikro/MMS-1988-05.pdf
Moj Mikro PDF	Revija	1984-11	1984	http://revije.muzej.si/Moj Mikro/MMS-1984-11.pdf
Moj Mikro PDF	Revija	1993-09	1993	http://revije.muzej.si/Moj Mikro/MMS-1993-09.pdf
Moj Mikro PDF	Revija	1984-07	1984	http://revije.muzej.si/Moj Mikro/MMS-1984-07.pdf
Moj Mikro PDF	Revija	1986-02	1986	http://revije.muzej.si/Moj Mikro/MMS-1986-02.pdf
Moj Mikro PDF	Revija	1988-07	1988	http://revije.muzej.si/Moj Mikro/MMS-1988-07.pdf
Moj Mikro PDF	Revija	1988-06	1988	http://revije.muzej.si/Moj Mikro/MMS-1988-06.pdf
Moj Mikro PDF	Revija	1988-12	1988	http://revije.muzej.si/Moj Mikro/MMS-1988-12.pdf
Moj Mikro PDF	Revija	1986-03	1986	http://revije.muzej.si/Moj Mikro/MMS-1986-03.pdf
Moj Mikro PDF	Revija	1984-12	1984	http://revije.muzej.si/Moj Mikro/MMS-1984-12.pdf
Moj Mikro PDF	Revija	1984-06	1984	http://revije.muzej.si/Moj Mikro/MMS-1984-06.pdf
Moj Mikro PDF	Revija	1988-02	1988	http://revije.muzej.si/Moj Mikro/MMS-1988-02.pdf
Moj Mikro PDF	Revija	1986-07	1986	http://revije.muzej.si/Moj Mikro/MMS-1986-07.pdf
Moj Mikro PDF	Revija	1986-12	1986	http://revije.muzej.si/Moj Mikro/MMS-1986-12.pdf
Moj Mikro PDF	Revija	1986-06	1986	http://revije.muzej.si/Moj Mikro/MMS-1986-06.pdf
Moj Mikro PDF	Revija	1988-03	1988	http://revije.muzej.si/Moj Mikro/MMS-1988-03.pdf
Moj Mikro PDF	Revija	1988-01	1988	http://revije.muzej.si/Moj Mikro/MMS-1988-01.pdf
Moj Mikro PDF	Revija	1986-10	1986	http://revije.muzej.si/Moj Mikro/MMS-1986-10.pdf
Moj Mikro PDF	Revija	1986-04	1986	http://revije.muzej.si/Moj Mikro/MMS-1986-04.pdf
Moj Mikro PDF	Revija	1991-09	1991	http://revije.muzej.si/Moj Mikro/MMS-1991-09.pdf
Moj Mikro PDF	Revija	1986-05	1986	http://revije.muzej.si/Moj Mikro/MMS-1986-05.pdf
Moj Mikro PDF	Revija	1986-11	1986	http://revije.muzej.si/Moj Mikro/MMS-1986-11.pdf
Amiga Style PDF	Revija	1992-12	1992	http://revije.muzej.si/Amiga Style/AS-1992-12.pdf
Amiga Style PDF	Revija	1992-11	1992	http://revije.muzej.si/Amiga Style/AS-1992-11.pdf
Amiga Style PDF	Revija	1993-08	1993	http://revije.muzej.si/Amiga Style/AS-1993-08.pdf
Amiga Style PDF	Revija	1994-07	1994	http://revije.muzej.si/Amiga Style/AS-1994-07.pdf
Amiga Style PDF	Revija	1993-03	1993	http://revije.muzej.si/Amiga Style/AS-1993-03.pdf
Amiga Style PDF	Revija	1993-01	1993	http://revije.muzej.si/Amiga Style/AS-1993-01.pdf
Amiga Style PDF	Revija	1993-11	1993	http://revije.muzej.si/Amiga Style/AS-1993-11.pdf
Amiga Style PDF	Revija	1995-07	1995	http://revije.muzej.si/Amiga Style/AS-1995-07.pdf
Knjige PDF	Knjiga	SP		http://revije.muzej.si/Knjige/Knjige-SP.pdf
Knjige PDF	Knjiga	C128Prog		http://revije.muzej.si/Knjige/Knjige-C128Prog.pdf
Knjige PDF	Knjiga	Opravka		http://revije.muzej.si/Knjige/Knjige-Opravka.pdf
Knjige PDF	Knjiga	Orao		http://revije.muzej.si/Knjige/Knjige-Orao.pdf
Knjige PDF	Knjiga	GlePericu		http://revije.muzej.si/Knjige/Knjige-GlePericu.pdf
Knjige PDF	Knjiga	C64Uvod		http://revije.muzej.si/Knjige/Knjige-C64Uvod.pdf
Knjige PDF	Knjiga	CZSV		http://revije.muzej.si/Knjige/Knjige-CZSV.pdf
Knjige PDF	Knjiga	KUK		http://revije.muzej.si/Knjige/Knjige-KUK.pdf
Knjige PDF	Knjiga	Avanture		http://revije.muzej.si/Knjige/Knjige-Avanture.pdf
Knjige PDF	Knjiga	BasicGal		http://revije.muzej.si/Knjige/Knjige-BasicGal.pdf
Knjige PDF	Knjiga	ZXUvod		http://revije.muzej.si/Knjige/Knjige-ZXUvod.pdf
Knjige PDF	Knjiga	Mirko		http://revije.muzej.si/Knjige/Knjige-Mirko.pdf
Master PDF	Revija	1994-12	1994	http://revije.muzej.si/Master/MA-1994-12.pdf
Računari PDF	Revija	1995-02	1995	http://revije.muzej.si/Računari/RA-1995-02.pdf
Računari PDF	Revija	1989-07	1989	http://revije.muzej.si/Računari/RA-1989-07.pdf
Računari PDF	Revija	1987-02	1987	http://revije.muzej.si/Računari/RA-1987-02.pdf
Računari PDF	Revija	1987-03	1987	http://revije.muzej.si/Računari/RA-1987-03.pdf
Računari PDF	Revija	1989-06	1989	http://revije.muzej.si/Računari/RA-1989-06.pdf
Računari PDF	Revija	1989-12	1989	http://revije.muzej.si/Računari/RA-1989-12.pdf
Računari PDF	Revija	1997-06	1997	http://revije.muzej.si/Računari/RA-1997-06.pdf
Računari PDF	Revija	1997-12	1997	http://revije.muzej.si/Računari/RA-1997-12.pdf
Računari PDF	Revija	1995-03	1995	http://revije.muzej.si/Računari/RA-1995-03.pdf
Računari PDF	Revija	1988-04S	1988	http://revije.muzej.si/Računari/RA-1988-04S.pdf
Računari PDF	Revija	1985-12	1985	http://revije.muzej.si/Računari/RA-1985-12.pdf
Računari PDF	Revija	1985-06	1985	http://revije.muzej.si/Računari/RA-1985-06.pdf
Računari PDF	Revija	1985-10	1985	http://revije.muzej.si/Računari/RA-1985-10.pdf
Računari PDF	Revija	1985-04	1985	http://revije.muzej.si/Računari/RA-1985-04.pdf
Računari PDF	Revija	1995-01	1995	http://revije.muzej.si/Računari/RA-1995-01.pdf
Računari PDF	Revija	1997-04	1997	http://revije.muzej.si/Računari/RA-1997-04.pdf
Računari PDF	Revija	1997-10	1997	http://revije.muzej.si/Računari/RA-1997-10.pdf
Računari PDF	Revija	1989-04	1989	http://revije.muzej.si/Računari/RA-1989-04.pdf
Računari PDF	Revija	1989-10	1989	http://revije.muzej.si/Računari/RA-1989-10.pdf
Računari PDF	Revija	1987-01	1987	http://revije.muzej.si/Računari/RA-1987-01.pdf
Računari PDF	Revija	1989-11	1989	http://revije.muzej.si/Računari/RA-1989-11.pdf
Računari PDF	Revija	1989-05	1989	http://revije.muzej.si/Računari/RA-1989-05.pdf
Računari PDF	Revija	1997-05	1997	http://revije.muzej.si/Računari/RA-1997-05.pdf
Računari PDF	Revija	1992-09	1992	http://revije.muzej.si/Računari/RA-1992-09.pdf
Računari PDF	Revija	1985-11	1985	http://revije.muzej.si/Računari/RA-1985-11.pdf
Računari PDF	Revija	1995-10	1995	http://revije.muzej.si/Računari/RA-1995-10.pdf
Računari PDF	Revija	1997-01	1997	http://revije.muzej.si/Računari/RA-1997-01.pdf
Računari PDF	Revija	1987-10	1987	http://revije.muzej.si/Računari/RA-1987-10.pdf
Računari PDF	Revija	1987-04	1987	http://revije.muzej.si/Računari/RA-1987-04.pdf
Računari PDF	Revija	1989-01	1989	http://revije.muzej.si/Računari/RA-1989-01.pdf
Računari PDF	Revija	1987-05	1987	http://revije.muzej.si/Računari/RA-1987-05.pdf
Računari PDF	Revija	1987-11	1987	http://revije.muzej.si/Računari/RA-1987-11.pdf
Računari PDF	Revija	1990-09	1990	http://revije.muzej.si/Računari/RA-1990-09.pdf
Računari PDF	Revija	1995-11	1995	http://revije.muzej.si/Računari/RA-1995-11.pdf
Računari PDF	Revija	1995-05	1995	http://revije.muzej.si/Računari/RA-1995-05.pdf
Računari PDF	Revija	1985-02	1985	http://revije.muzej.si/Računari/RA-1985-02.pdf
Računari PDF	Revija	1995-07	1995	http://revije.muzej.si/Računari/RA-1995-07.pdf
Računari PDF	Revija	1997-02	1997	http://revije.muzej.si/Računari/RA-1997-02.pdf
Računari PDF	Revija	1987-07	1987	http://revije.muzej.si/Računari/RA-1987-07.pdf
Računari PDF	Revija	1989-02	1989	http://revije.muzej.si/Računari/RA-1989-02.pdf
Računari PDF	Revija	1989-03	1989	http://revije.muzej.si/Računari/RA-1989-03.pdf
Računari PDF	Revija	1987-12	1987	http://revije.muzej.si/Računari/RA-1987-12.pdf
Računari PDF	Revija	1987-06	1987	http://revije.muzej.si/Računari/RA-1987-06.pdf
Računari PDF	Revija	1997-03	1997	http://revije.muzej.si/Računari/RA-1997-03.pdf
Računari PDF	Revija	1995-06	1995	http://revije.muzej.si/Računari/RA-1995-06.pdf
Računari PDF	Revija	1998-09	1998	http://revije.muzej.si/Računari/RA-1998-09.pdf
Računari PDF	Revija	1991-11	1991	http://revije.muzej.si/Računari/RA-1991-11.pdf
Računari PDF	Revija	1991-05	1991	http://revije.muzej.si/Računari/RA-1991-05.pdf
Računari PDF	Revija	1986-09	1986	http://revije.muzej.si/Računari/RA-1986-09.pdf
Računari PDF	Revija	1993-01	1993	http://revije.muzej.si/Računari/RA-1993-01.pdf
Računari PDF	Revija	1994-08	1994	http://revije.muzej.si/Računari/RA-1994-08.pdf
Računari PDF	Revija	1991-04	1991	http://revije.muzej.si/Računari/RA-1991-04.pdf
Računari PDF	Revija	1991-06	1991	http://revije.muzej.si/Računari/RA-1991-06.pdf
Računari PDF	Revija	1991-12	1991	http://revije.muzej.si/Računari/RA-1991-12.pdf
Računari PDF	Revija	1993-03	1993	http://revije.muzej.si/Računari/RA-1993-03.pdf
Računari PDF	Revija	1993-02	1993	http://revije.muzej.si/Računari/RA-1993-02.pdf
Računari PDF	Revija	1991-03	1991	http://revije.muzej.si/Računari/RA-1991-03.pdf
Računari PDF	Revija	1993-06	1993	http://revije.muzej.si/Računari/RA-1993-06.pdf
Računari PDF	Revija	1991-02	1991	http://revije.muzej.si/Računari/RA-1991-02.pdf
Računari PDF	Revija	1996-09	1996	http://revije.muzej.si/Računari/RA-1996-09.pdf
Računari PDF	Revija	1988-09	1988	http://revije.muzej.si/Računari/RA-1988-09.pdf
Računari PDF	Revija	1993-11	1993	http://revije.muzej.si/Računari/RA-1993-11.pdf
Računari PDF	Revija	1993-05	1993	http://revije.muzej.si/Računari/RA-1993-05.pdf
Računari PDF	Revija	1993-04	1993	http://revije.muzej.si/Računari/RA-1993-04.pdf
Računari PDF	Revija	1993-10	1993	http://revije.muzej.si/Računari/RA-1993-10.pdf
Računari PDF	Revija	1988-08	1988	http://revije.muzej.si/Računari/RA-1988-08.pdf
Računari PDF	Revija	1991-01	1991	http://revije.muzej.si/Računari/RA-1991-01.pdf
Računari PDF	Revija	1996-05	1996	http://revije.muzej.si/Računari/RA-1996-05.pdf
Računari PDF	Revija	1996-11	1996	http://revije.muzej.si/Računari/RA-1996-11.pdf
Računari PDF	Revija	1988-05	1988	http://revije.muzej.si/Računari/RA-1988-05.pdf
Računari PDF	Revija	1988-11	1988	http://revije.muzej.si/Računari/RA-1988-11.pdf
Računari PDF	Revija	1993-09	1993	http://revije.muzej.si/Računari/RA-1993-09.pdf
Računari PDF	Revija	1994-01	1994	http://revije.muzej.si/Računari/RA-1994-01.pdf
Računari PDF	Revija	1988-10	1988	http://revije.muzej.si/Računari/RA-1988-10.pdf
Računari PDF	Revija	1988-04	1988	http://revije.muzej.si/Računari/RA-1988-04.pdf
Računari PDF	Revija	1986-01	1986	http://revije.muzej.si/Računari/RA-1986-01.pdf
Računari PDF	Revija	1998-01	1998	http://revije.muzej.si/Računari/RA-1998-01.pdf
Računari PDF	Revija	1996-10	1996	http://revije.muzej.si/Računari/RA-1996-10.pdf
Računari PDF	Revija	1996-04	1996	http://revije.muzej.si/Računari/RA-1996-04.pdf
Računari PDF	Revija	1996-06	1996	http://revije.muzej.si/Računari/RA-1996-06.pdf
Računari PDF	Revija	1998-03	1998	http://revije.muzej.si/Računari/RA-1998-03.pdf
Računari PDF	Revija	1986-03	1986	http://revije.muzej.si/Računari/RA-1986-03.pdf
Računari PDF	Revija	1988-12	1988	http://revije.muzej.si/Računari/RA-1988-12.pdf
Računari PDF	Revija	1988-06	1988	http://revije.muzej.si/Računari/RA-1988-06.pdf
Računari PDF	Revija	1984-12	1984	http://revije.muzej.si/Računari/RA-1984-12.pdf
Računari PDF	Revija	1994-02	1994	http://revije.muzej.si/Računari/RA-1994-02.pdf
Računari PDF	Revija	1984-07	1984	http://revije.muzej.si/Računari/RA-1984-07.pdf
Računari PDF	Revija	1988-07	1988	http://revije.muzej.si/Računari/RA-1988-07.pdf
Računari PDF	Revija	1986-02	1986	http://revije.muzej.si/Računari/RA-1986-02.pdf
Računari PDF	Revija	1998-02	1998	http://revije.muzej.si/Računari/RA-1998-02.pdf
Računari PDF	Revija	1996-07	1996	http://revije.muzej.si/Računari/RA-1996-07.pdf
Računari PDF	Revija	1998-06	1998	http://revije.muzej.si/Računari/RA-1998-06.pdf
Računari PDF	Revija	1998-12	1998	http://revije.muzej.si/Računari/RA-1998-12.pdf
Računari PDF	Revija	1996-03	1996	http://revije.muzej.si/Računari/RA-1996-03.pdf
Računari PDF	Revija	1988-03	1988	http://revije.muzej.si/Računari/RA-1988-03.pdf
Računari PDF	Revija	1986-06	1986	http://revije.muzej.si/Računari/RA-1986-06.pdf
Računari PDF	Revija	1986-12	1986	http://revije.muzej.si/Računari/RA-1986-12.pdf
Računari PDF	Revija	1994-06	1994	http://revije.muzej.si/Računari/RA-1994-06.pdf
Računari PDF	Revija	1986-07	1986	http://revije.muzej.si/Računari/RA-1986-07.pdf
Računari PDF	Revija	1988-02	1988	http://revije.muzej.si/Računari/RA-1988-02.pdf
Računari PDF	Revija	1996-02	1996	http://revije.muzej.si/Računari/RA-1996-02.pdf
Računari PDF	Revija	1998-11	1998	http://revije.muzej.si/Računari/RA-1998-11.pdf
Računari PDF	Revija	1991-09	1991	http://revije.muzej.si/Računari/RA-1991-09.pdf
Računari PDF	Revija	1986-11	1986	http://revije.muzej.si/Računari/RA-1986-11.pdf
Računari PDF	Revija	1986-05	1986	http://revije.muzej.si/Računari/RA-1986-05.pdf
Računari PDF	Revija	1994-05	1994	http://revije.muzej.si/Računari/RA-1994-05.pdf
Računari PDF	Revija	1994-11	1994	http://revije.muzej.si/Računari/RA-1994-11.pdf
Računari PDF	Revija	1994-10	1994	http://revije.muzej.si/Računari/RA-1994-10.pdf
Računari PDF	Revija	1994-04	1994	http://revije.muzej.si/Računari/RA-1994-04.pdf
Računari PDF	Revija	1984-01	1984	http://revije.muzej.si/Računari/RA-1984-01.pdf
Računari PDF	Revija	1986-04	1986	http://revije.muzej.si/Računari/RA-1986-04.pdf
Računari PDF	Revija	1986-10	1986	http://revije.muzej.si/Računari/RA-1986-10.pdf
Računari PDF	Revija	1988-01	1988	http://revije.muzej.si/Računari/RA-1988-01.pdf
Računari PDF	Revija	1996-01	1996	http://revije.muzej.si/Računari/RA-1996-01.pdf
Računari PDF	Revija	1991-08	1991	http://revije.muzej.si/Računari/RA-1991-08.pdf
Računari PDF	Revija	1998-04	1998	http://revije.muzej.si/Računari/RA-1998-04.pdf
Računari PDF	Revija	1998-10	1998	http://revije.muzej.si/Računari/RA-1998-10.pdf
Računari PDF	Revija	1992-02	1992	http://revije.muzej.si/Računari/RA-1992-02.pdf
Računari PDF	Revija	1990-07	1990	http://revije.muzej.si/Računari/RA-1990-07.pdf
Računari PDF	Revija	1990-12	1990	http://revije.muzej.si/Računari/RA-1990-12.pdf
Računari PDF	Revija	1990-06	1990	http://revije.muzej.si/Računari/RA-1990-06.pdf
Računari PDF	Revija	1992-03	1992	http://revije.muzej.si/Računari/RA-1992-03.pdf
Računari PDF	Revija	1992-01	1992	http://revije.muzej.si/Računari/RA-1992-01.pdf
Računari PDF	Revija	1990-10	1990	http://revije.muzej.si/Računari/RA-1990-10.pdf
Računari PDF	Revija	1990-04	1990	http://revije.muzej.si/Računari/RA-1990-04.pdf
Računari PDF	Revija	1987-08	1987	http://revije.muzej.si/Računari/RA-1987-08.pdf
Računari PDF	Revija	1987-09	1987	http://revije.muzej.si/Računari/RA-1987-09.pdf
Računari PDF	Revija	1990-05	1990	http://revije.muzej.si/Računari/RA-1990-05.pdf
Računari PDF	Revija	1990-11	1990	http://revije.muzej.si/Računari/RA-1990-11.pdf
Računari PDF	Revija	1995-09	1995	http://revije.muzej.si/Računari/RA-1995-09.pdf
Računari PDF	Revija	1985-08	1985	http://revije.muzej.si/Računari/RA-1985-08.pdf
Računari PDF	Revija	1992-10	1992	http://revije.muzej.si/Računari/RA-1992-10.pdf
Računari PDF	Revija	1992-04	1992	http://revije.muzej.si/Računari/RA-1992-04.pdf
Računari PDF	Revija	1990-01	1990	http://revije.muzej.si/Računari/RA-1990-01.pdf
Računari PDF	Revija	1989-09	1989	http://revije.muzej.si/Računari/RA-1989-09.pdf
Računari PDF	Revija	1997-09	1997	http://revije.muzej.si/Računari/RA-1997-09.pdf
Računari PDF	Revija	1992-05	1992	http://revije.muzej.si/Računari/RA-1992-05.pdf
Računari PDF	Revija	1992-11	1992	http://revije.muzej.si/Računari/RA-1992-11.pdf
Računari PDF	Revija	1992-07	1992	http://revije.muzej.si/Računari/RA-1992-07.pdf
Računari PDF	Revija	1990-02	1990	http://revije.muzej.si/Računari/RA-1990-02.pdf
Računari PDF	Revija	1990-03	1990	http://revije.muzej.si/Računari/RA-1990-03.pdf
Računari PDF	Revija	1992-12	1992	http://revije.muzej.si/Računari/RA-1992-12.pdf
Galaksija PDF	Revija	1972-04	1972	http://revije.muzej.si/Galaksija/GAL-1972-04.pdf
Galaksija PDF	Revija	1972-10	1972	http://revije.muzej.si/Galaksija/GAL-1972-10.pdf
Galaksija PDF	Revija	1977-08	1977	http://revije.muzej.si/Galaksija/GAL-1977-08.pdf
Galaksija PDF	Revija	1991-02	1991	http://revije.muzej.si/Galaksija/GAL-1991-02.pdf
Galaksija PDF	Revija	1991-03	1991	http://revije.muzej.si/Galaksija/GAL-1991-03.pdf
Galaksija PDF	Revija	1977-09	1977	http://revije.muzej.si/Galaksija/GAL-1977-09.pdf
Galaksija PDF	Revija	1972-11	1972	http://revije.muzej.si/Galaksija/GAL-1972-11.pdf
Galaksija PDF	Revija	1972-05	1972	http://revije.muzej.si/Galaksija/GAL-1972-05.pdf
Galaksija PDF	Revija	1972-07	1972	http://revije.muzej.si/Galaksija/GAL-1972-07.pdf
Galaksija PDF	Revija	1991-01	1991	http://revije.muzej.si/Galaksija/GAL-1991-01.pdf
Galaksija PDF	Revija	1972-06	1972	http://revije.muzej.si/Galaksija/GAL-1972-06.pdf
Galaksija PDF	Revija	1972-12	1972	http://revije.muzej.si/Galaksija/GAL-1972-12.pdf
Galaksija PDF	Revija	1991-04	1991	http://revije.muzej.si/Galaksija/GAL-1991-04.pdf
Galaksija PDF	Revija	1991-10	1991	http://revije.muzej.si/Galaksija/GAL-1991-10.pdf
Galaksija PDF	Revija	1991-11	1991	http://revije.muzej.si/Galaksija/GAL-1991-11.pdf
Galaksija PDF	Revija	1991-05	1991	http://revije.muzej.si/Galaksija/GAL-1991-05.pdf
Galaksija PDF	Revija	1972-03	1972	http://revije.muzej.si/Galaksija/GAL-1972-03.pdf
Galaksija PDF	Revija	2000-08	2000	http://revije.muzej.si/Galaksija/GAL-2000-08.pdf
Galaksija PDF	Revija	1975-08	1975	http://revije.muzej.si/Galaksija/GAL-1975-08.pdf
Galaksija PDF	Revija	1991-07	1991	http://revije.muzej.si/Galaksija/GAL-1991-07.pdf
Galaksija PDF	Revija	1991-06	1991	http://revije.muzej.si/Galaksija/GAL-1991-06.pdf
Galaksija PDF	Revija	1991-12	1991	http://revije.muzej.si/Galaksija/GAL-1991-12.pdf
Galaksija PDF	Revija	1975-09	1975	http://revije.muzej.si/Galaksija/GAL-1975-09.pdf
Galaksija PDF	Revija	1976-03	1976	http://revije.muzej.si/Galaksija/GAL-1976-03.pdf
Galaksija PDF	Revija	1974-06	1974	http://revije.muzej.si/Galaksija/GAL-1974-06.pdf
Galaksija PDF	Revija	1974-12	1974	http://revije.muzej.si/Galaksija/GAL-1974-12.pdf
Galaksija PDF	Revija	1974-07	1974	http://revije.muzej.si/Galaksija/GAL-1974-07.pdf
Galaksija PDF	Revija	1976-02	1976	http://revije.muzej.si/Galaksija/GAL-1976-02.pdf
Galaksija PDF	Revija	1978-05	1978	http://revije.muzej.si/Galaksija/GAL-1978-05.pdf
Galaksija PDF	Revija	1974-11	1974	http://revije.muzej.si/Galaksija/GAL-1974-11.pdf
Galaksija PDF	Revija	1974-05	1974	http://revije.muzej.si/Galaksija/GAL-1974-05.pdf
Galaksija PDF	Revija	1974-04	1974	http://revije.muzej.si/Galaksija/GAL-1974-04.pdf
Galaksija PDF	Revija	1974-10	1974	http://revije.muzej.si/Galaksija/GAL-1974-10.pdf
Galaksija PDF	Revija	1976-01	1976	http://revije.muzej.si/Galaksija/GAL-1976-01.pdf
Galaksija PDF	Revija	1976-11	1976	http://revije.muzej.si/Galaksija/GAL-1976-11.pdf
Galaksija PDF	Revija	1976-05	1976	http://revije.muzej.si/Galaksija/GAL-1976-05.pdf
Galaksija PDF	Revija	1973-09	1973	http://revije.muzej.si/Galaksija/GAL-1973-09.pdf
Galaksija PDF	Revija	1974-01	1974	http://revije.muzej.si/Galaksija/GAL-1974-01.pdf
Galaksija PDF	Revija	2001-01	2001	http://revije.muzej.si/Galaksija/GAL-2001-01.pdf
Galaksija PDF	Revija	1995-02	1995	http://revije.muzej.si/Galaksija/GAL-1995-02.pdf
Galaksija PDF	Revija	1978-01	1978	http://revije.muzej.si/Galaksija/GAL-1978-01.pdf
Galaksija PDF	Revija	1976-04	1976	http://revije.muzej.si/Galaksija/GAL-1976-04.pdf
Galaksija PDF	Revija	1976-10	1976	http://revije.muzej.si/Galaksija/GAL-1976-10.pdf
Galaksija PDF	Revija	1976-06	1976	http://revije.muzej.si/Galaksija/GAL-1976-06.pdf
Galaksija PDF	Revija	1976-12	1976	http://revije.muzej.si/Galaksija/GAL-1976-12.pdf
Galaksija PDF	Revija	1997-11	1997	http://revije.muzej.si/Galaksija/GAL-1997-11.pdf
Galaksija PDF	Revija	1974-03	1974	http://revije.muzej.si/Galaksija/GAL-1974-03.pdf
Galaksija PDF	Revija	1974-02	1974	http://revije.muzej.si/Galaksija/GAL-1974-02.pdf
Galaksija PDF	Revija	1995-01	1995	http://revije.muzej.si/Galaksija/GAL-1995-01.pdf
Galaksija PDF	Revija	1976-07	1976	http://revije.muzej.si/Galaksija/GAL-1976-07.pdf
Galaksija PDF	Revija	1973-12	1973	http://revije.muzej.si/Galaksija/GAL-1973-12.pdf
Galaksija PDF	Revija	1973-06	1973	http://revije.muzej.si/Galaksija/GAL-1973-06.pdf
Galaksija PDF	Revija	1973-07	1973	http://revije.muzej.si/Galaksija/GAL-1973-07.pdf
Galaksija PDF	Revija	1990-01	1990	http://revije.muzej.si/Galaksija/GAL-1990-01.pdf
Galaksija PDF	Revija	1976-09	1976	http://revije.muzej.si/Galaksija/GAL-1976-09.pdf
Galaksija PDF	Revija	1973-05	1973	http://revije.muzej.si/Galaksija/GAL-1973-05.pdf
Galaksija PDF	Revija	1973-11	1973	http://revije.muzej.si/Galaksija/GAL-1973-11.pdf
Galaksija PDF	Revija	1973-10	1973	http://revije.muzej.si/Galaksija/GAL-1973-10.pdf
Galaksija PDF	Revija	1973-04	1973	http://revije.muzej.si/Galaksija/GAL-1973-04.pdf
Galaksija PDF	Revija	1990-02	1990	http://revije.muzej.si/Galaksija/GAL-1990-02.pdf
Galaksija PDF	Revija	1976-08	1976	http://revije.muzej.si/Galaksija/GAL-1976-08.pdf
Galaksija PDF	Revija	1992-03	1992	http://revije.muzej.si/Galaksija/GAL-1992-03.pdf
Galaksija PDF	Revija	1974-09	1974	http://revije.muzej.si/Galaksija/GAL-1974-09.pdf
Galaksija PDF	Revija	1973-01	1973	http://revije.muzej.si/Galaksija/GAL-1973-01.pdf
Galaksija PDF	Revija	1974-08	1974	http://revije.muzej.si/Galaksija/GAL-1974-08.pdf
Galaksija PDF	Revija	1992-02	1992	http://revije.muzej.si/Galaksija/GAL-1992-02.pdf
Galaksija PDF	Revija	1973-03	1973	http://revije.muzej.si/Galaksija/GAL-1973-03.pdf
Galaksija PDF	Revija	1973-02	1973	http://revije.muzej.si/Galaksija/GAL-1973-02.pdf
Galaksija PDF	Revija	1992-01	1992	http://revije.muzej.si/Galaksija/GAL-1992-01.pdf
Galaksija PDF	Revija	1975-10	1975	http://revije.muzej.si/Galaksija/GAL-1975-10.pdf
Galaksija PDF	Revija	1975-04	1975	http://revije.muzej.si/Galaksija/GAL-1975-04.pdf
Galaksija PDF	Revija	1977-01	1977	http://revije.muzej.si/Galaksija/GAL-1977-01.pdf
Galaksija PDF	Revija	1975-05	1975	http://revije.muzej.si/Galaksija/GAL-1975-05.pdf
Galaksija PDF	Revija	1975-11	1975	http://revije.muzej.si/Galaksija/GAL-1975-11.pdf
Galaksija PDF	Revija	2000-11	2000	http://revije.muzej.si/Galaksija/GAL-2000-11.pdf
Galaksija PDF	Revija	1975-07	1975	http://revije.muzej.si/Galaksija/GAL-1975-07.pdf
Galaksija PDF	Revija	1977-02	1977	http://revije.muzej.si/Galaksija/GAL-1977-02.pdf
Galaksija PDF	Revija	1991-09	1991	http://revije.muzej.si/Galaksija/GAL-1991-09.pdf
Galaksija PDF	Revija	1977-03	1977	http://revije.muzej.si/Galaksija/GAL-1977-03.pdf
Galaksija PDF	Revija	1975-12	1975	http://revije.muzej.si/Galaksija/GAL-1975-12.pdf
Galaksija PDF	Revija	1975-06	1975	http://revije.muzej.si/Galaksija/GAL-1975-06.pdf
Galaksija PDF	Revija	2000-06	2000	http://revije.muzej.si/Galaksija/GAL-2000-06.pdf
Galaksija PDF	Revija	1975-02	1975	http://revije.muzej.si/Galaksija/GAL-1975-02.pdf
Galaksija PDF	Revija	1977-07	1977	http://revije.muzej.si/Galaksija/GAL-1977-07.pdf
Galaksija PDF	Revija	1977-12	1977	http://revije.muzej.si/Galaksija/GAL-1977-12.pdf
Galaksija PDF	Revija	1977-06	1977	http://revije.muzej.si/Galaksija/GAL-1977-06.pdf
Galaksija PDF	Revija	1975-03	1975	http://revije.muzej.si/Galaksija/GAL-1975-03.pdf
Galaksija PDF	Revija	1975-01	1975	http://revije.muzej.si/Galaksija/GAL-1975-01.pdf
Galaksija PDF	Revija	1977-10	1977	http://revije.muzej.si/Galaksija/GAL-1977-10.pdf
Galaksija PDF	Revija	1977-04	1977	http://revije.muzej.si/Galaksija/GAL-1977-04.pdf
Galaksija PDF	Revija	1977-05	1977	http://revije.muzej.si/Galaksija/GAL-1977-05.pdf
Galaksija PDF	Revija	1977-11	1977	http://revije.muzej.si/Galaksija/GAL-1977-11.pdf
Galaksija PDF	Revija	1972-09	1972	http://revije.muzej.si/Galaksija/GAL-1972-09.pdf
Playjoy PDF	Revija	1995-10	1995	http://revije.muzej.si/Playjoy/PJ-1995-10.pdf
Playjoy PDF	Revija	1995-11	1995	http://revije.muzej.si/Playjoy/PJ-1995-11.pdf
Megazin PDF	Revija	1994-08	1994	http://revije.muzej.si/Megazin/MG-1994-08.pdf
Megazin PDF	Revija	1994-09	1994	http://revije.muzej.si/Megazin/MG-1994-09.pdf
Megazin PDF	Revija	1993-10	1993	http://revije.muzej.si/Megazin/MG-1993-10.pdf
Megazin PDF	Revija	1993-11	1993	http://revije.muzej.si/Megazin/MG-1993-11.pdf
Megazin PDF	Revija	1993-12	1993	http://revije.muzej.si/Megazin/MG-1993-12.pdf
Megazin PDF	Revija	1995-01	1995	http://revije.muzej.si/Megazin/MG-1995-01.pdf
Megazin PDF	Revija	1995-03	1995	http://revije.muzej.si/Megazin/MG-1995-03.pdf
Megazin PDF	Revija	1995-02	1995	http://revije.muzej.si/Megazin/MG-1995-02.pdf
Megazin PDF	Revija	1995-06	1995	http://revije.muzej.si/Megazin/MG-1995-06.pdf
Megazin PDF	Revija	1995-05	1995	http://revije.muzej.si/Megazin/MG-1995-05.pdf
Megazin PDF	Revija	1995-04	1995	http://revije.muzej.si/Megazin/MG-1995-04.pdf
Megazin PDF	Revija	1995-08	1995	http://revije.muzej.si/Megazin/MG-1995-08.pdf
Megazin PDF	Revija	1994-02	1994	http://revije.muzej.si/Megazin/MG-1994-02.pdf
Megazin PDF	Revija	1994-03	1994	http://revije.muzej.si/Megazin/MG-1994-03.pdf
Megazin PDF	Revija	1994-01	1994	http://revije.muzej.si/Megazin/MG-1994-01.pdf
Megazin PDF	Revija	1993-08	1993	http://revije.muzej.si/Megazin/MG-1993-08.pdf
Megazin PDF	Revija	1993-09	1993	http://revije.muzej.si/Megazin/MG-1993-09.pdf
Megazin PDF	Revija	1994-10	1994	http://revije.muzej.si/Megazin/MG-1994-10.pdf
Megazin PDF	Revija	1994-04	1994	http://revije.muzej.si/Megazin/MG-1994-04.pdf
Megazin PDF	Revija	1994-05	1994	http://revije.muzej.si/Megazin/MG-1994-05.pdf
Megazin PDF	Revija	1994-11	1994	http://revije.muzej.si/Megazin/MG-1994-11.pdf
Megazin PDF	Revija	1994-12	1994	http://revije.muzej.si/Megazin/MG-1994-12.pdf
Megazin PDF	Revija	1994-06	1994	http://revije.muzej.si/Megazin/MG-1994-06.pdf
WARP PDF	Revija	01		http://revije.muzej.si/WARP/WARP-01.pdf
WARP PDF	Revija	02		http://revije.muzej.si/WARP/WARP-02.pdf
Joker PDF	Revija	201		http://revije.muzej.si/Joker/joker-201.pdf
Joker PDF	Revija	215		http://revije.muzej.si/Joker/joker-215.pdf
Joker PDF	Revija	229		http://revije.muzej.si/Joker/joker-229.pdf
Joker PDF	Revija	177		http://revije.muzej.si/Joker/joker-177.pdf
Joker PDF	Revija	163		http://revije.muzej.si/Joker/joker-163.pdf
Joker PDF	Revija	7		http://revije.muzej.si/Joker/joker-7.pdf
Joker PDF	Revija	188		http://revije.muzej.si/Joker/joker-188.pdf
Joker PDF	Revija	189		http://revije.muzej.si/Joker/joker-189.pdf
Joker PDF	Revija	6		http://revije.muzej.si/Joker/joker-6.pdf
Joker PDF	Revija	162		http://revije.muzej.si/Joker/joker-162.pdf
Joker PDF	Revija	176		http://revije.muzej.si/Joker/joker-176.pdf
Joker PDF	Revija	228		http://revije.muzej.si/Joker/joker-228.pdf
Joker PDF	Revija	214		http://revije.muzej.si/Joker/joker-214.pdf
Joker PDF	Revija	200		http://revije.muzej.si/Joker/joker-200.pdf
Joker PDF	Revija	216		http://revije.muzej.si/Joker/joker-216.pdf
Joker PDF	Revija	202		http://revije.muzej.si/Joker/joker-202.pdf
Joker PDF	Revija	14		http://revije.muzej.si/Joker/joker-14.pdf
Joker PDF	Revija	160		http://revije.muzej.si/Joker/joker-160.pdf
Joker PDF	Revija	174		http://revije.muzej.si/Joker/joker-174.pdf
Joker PDF	Revija	4		http://revije.muzej.si/Joker/joker-4.pdf
Joker PDF	Revija	5		http://revije.muzej.si/Joker/joker-5.pdf
Joker PDF	Revija	175		http://revije.muzej.si/Joker/joker-175.pdf
Joker PDF	Revija	161		http://revije.muzej.si/Joker/joker-161.pdf
Joker PDF	Revija	15		http://revije.muzej.si/Joker/joker-15.pdf
Joker PDF	Revija	203		http://revije.muzej.si/Joker/joker-203.pdf
Joker PDF	Revija	217		http://revije.muzej.si/Joker/joker-217.pdf
Joker PDF	Revija	213		http://revije.muzej.si/Joker/joker-213.pdf
Joker PDF	Revija	207		http://revije.muzej.si/Joker/joker-207.pdf
Joker PDF	Revija	11		http://revije.muzej.si/Joker/joker-11.pdf
Joker PDF	Revija	159		http://revije.muzej.si/Joker/joker-159.pdf
Joker PDF	Revija	165		http://revije.muzej.si/Joker/joker-165.pdf
Joker PDF	Revija	171		http://revije.muzej.si/Joker/joker-171.pdf
Joker PDF	Revija	1		http://revije.muzej.si/Joker/joker-1.pdf
Joker PDF	Revija	170		http://revije.muzej.si/Joker/joker-170.pdf
Joker PDF	Revija	164		http://revije.muzej.si/Joker/joker-164.pdf
Joker PDF	Revija	158		http://revije.muzej.si/Joker/joker-158.pdf
Joker PDF	Revija	10		http://revije.muzej.si/Joker/joker-10.pdf
Joker PDF	Revija	206		http://revije.muzej.si/Joker/joker-206.pdf
Joker PDF	Revija	212		http://revije.muzej.si/Joker/joker-212.pdf
Joker PDF	Revija	238		http://revije.muzej.si/Joker/joker-238.pdf
Joker PDF	Revija	204		http://revije.muzej.si/Joker/joker-204.pdf
Joker PDF	Revija	210		http://revije.muzej.si/Joker/joker-210.pdf
Joker PDF	Revija	12		http://revije.muzej.si/Joker/joker-12.pdf
Joker PDF	Revija	172		http://revije.muzej.si/Joker/joker-172.pdf
Joker PDF	Revija	166		http://revije.muzej.si/Joker/joker-166.pdf
Joker PDF	Revija	199		http://revije.muzej.si/Joker/joker-199.pdf
Joker PDF	Revija	2		http://revije.muzej.si/Joker/joker-2.pdf
Joker PDF	Revija	3		http://revije.muzej.si/Joker/joker-3.pdf
Joker PDF	Revija	198		http://revije.muzej.si/Joker/joker-198.pdf
Joker PDF	Revija	167		http://revije.muzej.si/Joker/joker-167.pdf
Joker PDF	Revija	173		http://revije.muzej.si/Joker/joker-173.pdf
Joker PDF	Revija	211		http://revije.muzej.si/Joker/joker-211.pdf
Joker PDF	Revija	205		http://revije.muzej.si/Joker/joker-205.pdf
Joker PDF	Revija	239		http://revije.muzej.si/Joker/joker-239.pdf
Joker PDF	Revija	262		http://revije.muzej.si/Joker/joker-262.pdf
Joker PDF	Revija	276		http://revije.muzej.si/Joker/joker-276.pdf
Joker PDF	Revija	289		http://revije.muzej.si/Joker/joker-289.pdf
Joker PDF	Revija	288		http://revije.muzej.si/Joker/joker-288.pdf
Joker PDF	Revija	277		http://revije.muzej.si/Joker/joker-277.pdf
Joker PDF	Revija	263		http://revije.muzej.si/Joker/joker-263.pdf
Joker PDF	Revija	275		http://revije.muzej.si/Joker/joker-275.pdf
Joker PDF	Revija	261		http://revije.muzej.si/Joker/joker-261.pdf
Joker PDF	Revija	249		http://revije.muzej.si/Joker/joker-249.pdf
Joker PDF	Revija	248		http://revije.muzej.si/Joker/joker-248.pdf
Joker PDF	Revija	260		http://revije.muzej.si/Joker/joker-260.pdf
Joker PDF	Revija	274		http://revije.muzej.si/Joker/joker-274.pdf
Joker PDF	Revija	258		http://revije.muzej.si/Joker/joker-258.pdf
Joker PDF	Revija	270		http://revije.muzej.si/Joker/joker-270.pdf
Joker PDF	Revija	264		http://revije.muzej.si/Joker/joker-264.pdf
Joker PDF	Revija	265		http://revije.muzej.si/Joker/joker-265.pdf
Joker PDF	Revija	271		http://revije.muzej.si/Joker/joker-271.pdf
Joker PDF	Revija	259		http://revije.muzej.si/Joker/joker-259.pdf
Joker PDF	Revija	267		http://revije.muzej.si/Joker/joker-267.pdf
Joker PDF	Revija	273		http://revije.muzej.si/Joker/joker-273.pdf
Joker PDF	Revija	272		http://revije.muzej.si/Joker/joker-272.pdf
Joker PDF	Revija	266		http://revije.muzej.si/Joker/joker-266.pdf
Joker PDF	Revija	243		http://revije.muzej.si/Joker/joker-243.pdf
Joker PDF	Revija	257		http://revije.muzej.si/Joker/joker-257.pdf
Joker PDF	Revija	280		http://revije.muzej.si/Joker/joker-280.pdf
Joker PDF	Revija	281		http://revije.muzej.si/Joker/joker-281.pdf
Joker PDF	Revija	256		http://revije.muzej.si/Joker/joker-256.pdf
Joker PDF	Revija	242		http://revije.muzej.si/Joker/joker-242.pdf
Joker PDF	Revija	254		http://revije.muzej.si/Joker/joker-254.pdf
Joker PDF	Revija	240		http://revije.muzej.si/Joker/joker-240.pdf
Joker PDF	Revija	268		http://revije.muzej.si/Joker/joker-268.pdf
Joker PDF	Revija	283		http://revije.muzej.si/Joker/joker-283.pdf
Joker PDF	Revija	282		http://revije.muzej.si/Joker/joker-282.pdf
Joker PDF	Revija	269		http://revije.muzej.si/Joker/joker-269.pdf
Joker PDF	Revija	241		http://revije.muzej.si/Joker/joker-241.pdf
Joker PDF	Revija	255		http://revije.muzej.si/Joker/joker-255.pdf
Joker PDF	Revija	279		http://revije.muzej.si/Joker/joker-279.pdf
Joker PDF	Revija	251		http://revije.muzej.si/Joker/joker-251.pdf
Joker PDF	Revija	245		http://revije.muzej.si/Joker/joker-245.pdf
Joker PDF	Revija	286		http://revije.muzej.si/Joker/joker-286.pdf
Joker PDF	Revija	287		http://revije.muzej.si/Joker/joker-287.pdf
Joker PDF	Revija	244		http://revije.muzej.si/Joker/joker-244.pdf
Joker PDF	Revija	250		http://revije.muzej.si/Joker/joker-250.pdf
Joker PDF	Revija	278		http://revije.muzej.si/Joker/joker-278.pdf
Joker PDF	Revija	246		http://revije.muzej.si/Joker/joker-246.pdf
Joker PDF	Revija	252		http://revije.muzej.si/Joker/joker-252.pdf
Joker PDF	Revija	285		http://revije.muzej.si/Joker/joker-285.pdf
Joker PDF	Revija	291		http://revije.muzej.si/Joker/joker-291.pdf
Joker PDF	Revija	290		http://revije.muzej.si/Joker/joker-290.pdf
Joker PDF	Revija	284		http://revije.muzej.si/Joker/joker-284.pdf
Joker PDF	Revija	253		http://revije.muzej.si/Joker/joker-253.pdf
Joker PDF	Revija	247		http://revije.muzej.si/Joker/joker-247.pdf
Joker PDF	Revija	220		http://revije.muzej.si/Joker/joker-220.pdf
Joker PDF	Revija	234		http://revije.muzej.si/Joker/joker-234.pdf
Joker PDF	Revija	208		http://revije.muzej.si/Joker/joker-208.pdf
Joker PDF	Revija	156		http://revije.muzej.si/Joker/joker-156.pdf
Joker PDF	Revija	195		http://revije.muzej.si/Joker/joker-195.pdf
Joker PDF	Revija	181		http://revije.muzej.si/Joker/joker-181.pdf
Joker PDF	Revija	180		http://revije.muzej.si/Joker/joker-180.pdf
Joker PDF	Revija	194		http://revije.muzej.si/Joker/joker-194.pdf
Joker PDF	Revija	157		http://revije.muzej.si/Joker/joker-157.pdf
Joker PDF	Revija	209		http://revije.muzej.si/Joker/joker-209.pdf
Joker PDF	Revija	235		http://revije.muzej.si/Joker/joker-235.pdf
Joker PDF	Revija	221		http://revije.muzej.si/Joker/joker-221.pdf
Joker PDF	Revija	237		http://revije.muzej.si/Joker/joker-237.pdf
Joker PDF	Revija	223		http://revije.muzej.si/Joker/joker-223.pdf
Joker PDF	Revija	155		http://revije.muzej.si/Joker/joker-155.pdf
Joker PDF	Revija	169		http://revije.muzej.si/Joker/joker-169.pdf
Joker PDF	Revija	182		http://revije.muzej.si/Joker/joker-182.pdf
Joker PDF	Revija	196		http://revije.muzej.si/Joker/joker-196.pdf
Joker PDF	Revija	197		http://revije.muzej.si/Joker/joker-197.pdf
Joker PDF	Revija	183		http://revije.muzej.si/Joker/joker-183.pdf
Joker PDF	Revija	168		http://revije.muzej.si/Joker/joker-168.pdf
Joker PDF	Revija	154		http://revije.muzej.si/Joker/joker-154.pdf
Joker PDF	Revija	222		http://revije.muzej.si/Joker/joker-222.pdf
Joker PDF	Revija	236		http://revije.muzej.si/Joker/joker-236.pdf
Joker PDF	Revija	232		http://revije.muzej.si/Joker/joker-232.pdf
Joker PDF	Revija	226		http://revije.muzej.si/Joker/joker-226.pdf
Joker PDF	Revija	178		http://revije.muzej.si/Joker/joker-178.pdf
Joker PDF	Revija	150		http://revije.muzej.si/Joker/joker-150.pdf
Joker PDF	Revija	8		http://revije.muzej.si/Joker/joker-8.pdf
Joker PDF	Revija	187		http://revije.muzej.si/Joker/joker-187.pdf
Joker PDF	Revija	193		http://revije.muzej.si/Joker/joker-193.pdf
Joker PDF	Revija	192		http://revije.muzej.si/Joker/joker-192.pdf
Joker PDF	Revija	186		http://revije.muzej.si/Joker/joker-186.pdf
Joker PDF	Revija	9		http://revije.muzej.si/Joker/joker-9.pdf
Joker PDF	Revija	151		http://revije.muzej.si/Joker/joker-151.pdf
Joker PDF	Revija	179		http://revije.muzej.si/Joker/joker-179.pdf
Joker PDF	Revija	227		http://revije.muzej.si/Joker/joker-227.pdf
Joker PDF	Revija	233		http://revije.muzej.si/Joker/joker-233.pdf
Joker PDF	Revija	219		http://revije.muzej.si/Joker/joker-219.pdf
Joker PDF	Revija	225		http://revije.muzej.si/Joker/joker-225.pdf
Joker PDF	Revija	231		http://revije.muzej.si/Joker/joker-231.pdf
Joker PDF	Revija	153		http://revije.muzej.si/Joker/joker-153.pdf
Joker PDF	Revija	190		http://revije.muzej.si/Joker/joker-190.pdf
Joker PDF	Revija	184		http://revije.muzej.si/Joker/joker-184.pdf
Joker PDF	Revija	185		http://revije.muzej.si/Joker/joker-185.pdf
Joker PDF	Revija	191		http://revije.muzej.si/Joker/joker-191.pdf
Joker PDF	Revija	152		http://revije.muzej.si/Joker/joker-152.pdf
Joker PDF	Revija	230		http://revije.muzej.si/Joker/joker-230.pdf
Joker PDF	Revija	224		http://revije.muzej.si/Joker/joker-224.pdf
Joker PDF	Revija	218		http://revije.muzej.si/Joker/joker-218.pdf
Svet kompjutera PDF	Revija	1994-09	1994	http://revije.muzej.si/Svet kompjutera/SK-1994-09.pdf
Svet kompjutera PDF	Revija	1991-11	1991	http://revije.muzej.si/Svet kompjutera/SK-1991-11.pdf
Svet kompjutera PDF	Revija	1991-05	1991	http://revije.muzej.si/Svet kompjutera/SK-1991-05.pdf
Svet kompjutera PDF	Revija	1986-09	1986	http://revije.muzej.si/Svet kompjutera/SK-1986-09.pdf
Svet kompjutera PDF	Revija	1991-04	1991	http://revije.muzej.si/Svet kompjutera/SK-1991-04.pdf
Svet kompjutera PDF	Revija	1991-10	1991	http://revije.muzej.si/Svet kompjutera/SK-1991-10.pdf
Svet kompjutera PDF	Revija	1993-01	1993	http://revije.muzej.si/Svet kompjutera/SK-1993-01.pdf
Svet kompjutera PDF	Revija	1993-03	1993	http://revije.muzej.si/Svet kompjutera/SK-1993-03.pdf
Svet kompjutera PDF	Revija	1991-06	1991	http://revije.muzej.si/Svet kompjutera/SK-1991-06.pdf
Svet kompjutera PDF	Revija	1991-12	1991	http://revije.muzej.si/Svet kompjutera/SK-1991-12.pdf
Svet kompjutera PDF	Revija	1991-07	1991	http://revije.muzej.si/Svet kompjutera/SK-1991-07.pdf
Svet kompjutera PDF	Revija	1993-02	1993	http://revije.muzej.si/Svet kompjutera/SK-1993-02.pdf
Svet kompjutera PDF	Revija	1993-06	1993	http://revije.muzej.si/Svet kompjutera/SK-1993-06.pdf
Svet kompjutera PDF	Revija	1993-12	1993	http://revije.muzej.si/Svet kompjutera/SK-1993-12.pdf
Svet kompjutera PDF	Revija	1991-03	1991	http://revije.muzej.si/Svet kompjutera/SK-1991-03.pdf
Svet kompjutera PDF	Revija	1991-02	1991	http://revije.muzej.si/Svet kompjutera/SK-1991-02.pdf
Svet kompjutera PDF	Revija	1993-07	1993	http://revije.muzej.si/Svet kompjutera/SK-1993-07.pdf
Svet kompjutera PDF	Revija	1993-11	1993	http://revije.muzej.si/Svet kompjutera/SK-1993-11.pdf
Svet kompjutera PDF	Revija	1993-05	1993	http://revije.muzej.si/Svet kompjutera/SK-1993-05.pdf
Svet kompjutera PDF	Revija	1996-09	1996	http://revije.muzej.si/Svet kompjutera/SK-1996-09.pdf
Svet kompjutera PDF	Revija	1988-09	1988	http://revije.muzej.si/Svet kompjutera/SK-1988-09.pdf
Svet kompjutera PDF	Revija	1991-01	1991	http://revije.muzej.si/Svet kompjutera/SK-1991-01.pdf
Svet kompjutera PDF	Revija	1993-04	1993	http://revije.muzej.si/Svet kompjutera/SK-1993-04.pdf
Svet kompjutera PDF	Revija	1993-10	1993	http://revije.muzej.si/Svet kompjutera/SK-1993-10.pdf
Svet kompjutera PDF	Revija	1997-07	1997	http://revije.muzej.si/Svet kompjutera/SK-1997-07.pdf
Svet kompjutera PDF	Revija	1989-07	1989	http://revije.muzej.si/Svet kompjutera/SK-1989-07.pdf
Svet kompjutera PDF	Revija	1987-02	1987	http://revije.muzej.si/Svet kompjutera/SK-1987-02.pdf
Svet kompjutera PDF	Revija	1985-07	1985	http://revije.muzej.si/Svet kompjutera/SK-1985-07.pdf
Svet kompjutera PDF	Revija	1995-02	1995	http://revije.muzej.si/Svet kompjutera/SK-1995-02.pdf
Svet kompjutera PDF	Revija	1985-12	1985	http://revije.muzej.si/Svet kompjutera/SK-1985-12.pdf
Svet kompjutera PDF	Revija	1985-06	1985	http://revije.muzej.si/Svet kompjutera/SK-1985-06.pdf
Svet kompjutera PDF	Revija	1987-03	1987	http://revije.muzej.si/Svet kompjutera/SK-1987-03.pdf
Svet kompjutera PDF	Revija	1989-06	1989	http://revije.muzej.si/Svet kompjutera/SK-1989-06.pdf
Svet kompjutera PDF	Revija	1989-12	1989	http://revije.muzej.si/Svet kompjutera/SK-1989-12.pdf
Svet kompjutera PDF	Revija	1997-06	1997	http://revije.muzej.si/Svet kompjutera/SK-1997-06.pdf
Svet kompjutera PDF	Revija	1997-12	1997	http://revije.muzej.si/Svet kompjutera/SK-1997-12.pdf
Svet kompjutera PDF	Revija	1997-04	1997	http://revije.muzej.si/Svet kompjutera/SK-1997-04.pdf
Svet kompjutera PDF	Revija	1997-10	1997	http://revije.muzej.si/Svet kompjutera/SK-1997-10.pdf
Svet kompjutera PDF	Revija	1989-04	1989	http://revije.muzej.si/Svet kompjutera/SK-1989-04.pdf
Svet kompjutera PDF	Revija	1989-10	1989	http://revije.muzej.si/Svet kompjutera/SK-1989-10.pdf
Svet kompjutera PDF	Revija	1987-01	1987	http://revije.muzej.si/Svet kompjutera/SK-1987-01.pdf
Svet kompjutera PDF	Revija	1985-10	1985	http://revije.muzej.si/Svet kompjutera/SK-1985-10.pdf
Svet kompjutera PDF	Revija	1985-04	1985	http://revije.muzej.si/Svet kompjutera/SK-1985-04.pdf
Svet kompjutera PDF	Revija	1995-01	1995	http://revije.muzej.si/Svet kompjutera/SK-1995-01.pdf
Svet kompjutera PDF	Revija	1992-09	1992	http://revije.muzej.si/Svet kompjutera/SK-1992-09.pdf
Svet kompjutera PDF	Revija	1985-05	1985	http://revije.muzej.si/Svet kompjutera/SK-1985-05.pdf
Svet kompjutera PDF	Revija	1985-11	1985	http://revije.muzej.si/Svet kompjutera/SK-1985-11.pdf
Svet kompjutera PDF	Revija	1989-11	1989	http://revije.muzej.si/Svet kompjutera/SK-1989-11.pdf
Svet kompjutera PDF	Revija	1989-05	1989	http://revije.muzej.si/Svet kompjutera/SK-1989-05.pdf
Svet kompjutera PDF	Revija	1997-11	1997	http://revije.muzej.si/Svet kompjutera/SK-1997-11.pdf
Svet kompjutera PDF	Revija	1997-05	1997	http://revije.muzej.si/Svet kompjutera/SK-1997-05.pdf
Svet kompjutera PDF	Revija	1997-01	1997	http://revije.muzej.si/Svet kompjutera/SK-1997-01.pdf
Svet kompjutera PDF	Revija	1987-10	1987	http://revije.muzej.si/Svet kompjutera/SK-1987-10.pdf
Svet kompjutera PDF	Revija	1987-04	1987	http://revije.muzej.si/Svet kompjutera/SK-1987-04.pdf
Svet kompjutera PDF	Revija	1989-01	1989	http://revije.muzej.si/Svet kompjutera/SK-1989-01.pdf
Svet kompjutera PDF	Revija	1985-01	1985	http://revije.muzej.si/Svet kompjutera/SK-1985-01.pdf
Svet kompjutera PDF	Revija	1995-04	1995	http://revije.muzej.si/Svet kompjutera/SK-1995-04.pdf
Svet kompjutera PDF	Revija	1995-10	1995	http://revije.muzej.si/Svet kompjutera/SK-1995-10.pdf
Svet kompjutera PDF	Revija	1995-11	1995	http://revije.muzej.si/Svet kompjutera/SK-1995-11.pdf
Svet kompjutera PDF	Revija	1987-05	1987	http://revije.muzej.si/Svet kompjutera/SK-1987-05.pdf
Svet kompjutera PDF	Revija	1987-11	1987	http://revije.muzej.si/Svet kompjutera/SK-1987-11.pdf
Svet kompjutera PDF	Revija	1990-09	1990	http://revije.muzej.si/Svet kompjutera/SK-1990-09.pdf
Svet kompjutera PDF	Revija	1997-02	1997	http://revije.muzej.si/Svet kompjutera/SK-1997-02.pdf
Svet kompjutera PDF	Revija	1987-07	1987	http://revije.muzej.si/Svet kompjutera/SK-1987-07.pdf
Svet kompjutera PDF	Revija	1989-02	1989	http://revije.muzej.si/Svet kompjutera/SK-1989-02.pdf
Svet kompjutera PDF	Revija	1985-02	1985	http://revije.muzej.si/Svet kompjutera/SK-1985-02.pdf
Svet kompjutera PDF	Revija	1995-07	1995	http://revije.muzej.si/Svet kompjutera/SK-1995-07.pdf
Svet kompjutera PDF	Revija	1995-06	1995	http://revije.muzej.si/Svet kompjutera/SK-1995-06.pdf
Svet kompjutera PDF	Revija	1995-12	1995	http://revije.muzej.si/Svet kompjutera/SK-1995-12.pdf
Svet kompjutera PDF	Revija	1985-03	1985	http://revije.muzej.si/Svet kompjutera/SK-1985-03.pdf
Svet kompjutera PDF	Revija	1989-03	1989	http://revije.muzej.si/Svet kompjutera/SK-1989-03.pdf
Svet kompjutera PDF	Revija	1987-12	1987	http://revije.muzej.si/Svet kompjutera/SK-1987-12.pdf
Svet kompjutera PDF	Revija	1987-06	1987	http://revije.muzej.si/Svet kompjutera/SK-1987-06.pdf
Svet kompjutera PDF	Revija	1997-03	1997	http://revije.muzej.si/Svet kompjutera/SK-1997-03.pdf
Svet kompjutera PDF	Revija	1990-07	1990	http://revije.muzej.si/Svet kompjutera/SK-1990-07.pdf
Svet kompjutera PDF	Revija	1992-02	1992	http://revije.muzej.si/Svet kompjutera/SK-1992-02.pdf
Svet kompjutera PDF	Revija	1992-03	1992	http://revije.muzej.si/Svet kompjutera/SK-1992-03.pdf
Svet kompjutera PDF	Revija	1990-12	1990	http://revije.muzej.si/Svet kompjutera/SK-1990-12.pdf
Svet kompjutera PDF	Revija	1990-06	1990	http://revije.muzej.si/Svet kompjutera/SK-1990-06.pdf
Svet kompjutera PDF	Revija	1990-10	1990	http://revije.muzej.si/Svet kompjutera/SK-1990-10.pdf
Svet kompjutera PDF	Revija	1990-04	1990	http://revije.muzej.si/Svet kompjutera/SK-1990-04.pdf
Svet kompjutera PDF	Revija	1992-01	1992	http://revije.muzej.si/Svet kompjutera/SK-1992-01.pdf
Svet kompjutera PDF	Revija	1995-09	1995	http://revije.muzej.si/Svet kompjutera/SK-1995-09.pdf
Svet kompjutera PDF	Revija	1987-09	1987	http://revije.muzej.si/Svet kompjutera/SK-1987-09.pdf
Svet kompjutera PDF	Revija	1990-05	1990	http://revije.muzej.si/Svet kompjutera/SK-1990-05.pdf
Svet kompjutera PDF	Revija	1990-11	1990	http://revije.muzej.si/Svet kompjutera/SK-1990-11.pdf
Svet kompjutera PDF	Revija	1990-01	1990	http://revije.muzej.si/Svet kompjutera/SK-1990-01.pdf
Svet kompjutera PDF	Revija	1985-08	1985	http://revije.muzej.si/Svet kompjutera/SK-1985-08.pdf
Svet kompjutera PDF	Revija	1992-10	1992	http://revije.muzej.si/Svet kompjutera/SK-1992-10.pdf
Svet kompjutera PDF	Revija	1992-04	1992	http://revije.muzej.si/Svet kompjutera/SK-1992-04.pdf
Svet kompjutera PDF	Revija	1992-05	1992	http://revije.muzej.si/Svet kompjutera/SK-1992-05.pdf
Svet kompjutera PDF	Revija	1992-11	1992	http://revije.muzej.si/Svet kompjutera/SK-1992-11.pdf
Svet kompjutera PDF	Revija	1985-09	1985	http://revije.muzej.si/Svet kompjutera/SK-1985-09.pdf
Svet kompjutera PDF	Revija	1989-09	1989	http://revije.muzej.si/Svet kompjutera/SK-1989-09.pdf
Svet kompjutera PDF	Revija	1997-09	1997	http://revije.muzej.si/Svet kompjutera/SK-1997-09.pdf
Svet kompjutera PDF	Revija	1990-02	1990	http://revije.muzej.si/Svet kompjutera/SK-1990-02.pdf
Svet kompjutera PDF	Revija	1992-07	1992	http://revije.muzej.si/Svet kompjutera/SK-1992-07.pdf
Svet kompjutera PDF	Revija	1992-12	1992	http://revije.muzej.si/Svet kompjutera/SK-1992-12.pdf
Svet kompjutera PDF	Revija	1992-06	1992	http://revije.muzej.si/Svet kompjutera/SK-1992-06.pdf
Svet kompjutera PDF	Revija	1990-03	1990	http://revije.muzej.si/Svet kompjutera/SK-1990-03.pdf
Svet kompjutera PDF	Revija	1984-11	1984	http://revije.muzej.si/Svet kompjutera/SK-1984-11.pdf
Svet kompjutera PDF	Revija	1993-09	1993	http://revije.muzej.si/Svet kompjutera/SK-1993-09.pdf
Svet kompjutera PDF	Revija	1996-05	1996	http://revije.muzej.si/Svet kompjutera/SK-1996-05.pdf
Svet kompjutera PDF	Revija	1996-11	1996	http://revije.muzej.si/Svet kompjutera/SK-1996-11.pdf
Svet kompjutera PDF	Revija	1988-05	1988	http://revije.muzej.si/Svet kompjutera/SK-1988-05.pdf
Svet kompjutera PDF	Revija	1988-11	1988	http://revije.muzej.si/Svet kompjutera/SK-1988-11.pdf
Svet kompjutera PDF	Revija	1988-10	1988	http://revije.muzej.si/Svet kompjutera/SK-1988-10.pdf
Svet kompjutera PDF	Revija	1988-04	1988	http://revije.muzej.si/Svet kompjutera/SK-1988-04.pdf
Svet kompjutera PDF	Revija	1986-01	1986	http://revije.muzej.si/Svet kompjutera/SK-1986-01.pdf
Svet kompjutera PDF	Revija	1996-10	1996	http://revije.muzej.si/Svet kompjutera/SK-1996-10.pdf
Svet kompjutera PDF	Revija	1996-04	1996	http://revije.muzej.si/Svet kompjutera/SK-1996-04.pdf
Svet kompjutera PDF	Revija	1994-01	1994	http://revije.muzej.si/Svet kompjutera/SK-1994-01.pdf
Svet kompjutera PDF	Revija	1984-10	1984	http://revije.muzej.si/Svet kompjutera/SK-1984-10.pdf
Svet kompjutera PDF	Revija	1984-12	1984	http://revije.muzej.si/Svet kompjutera/SK-1984-12.pdf
Svet kompjutera PDF	Revija	1994-03	1994	http://revije.muzej.si/Svet kompjutera/SK-1994-03.pdf
Svet kompjutera PDF	Revija	1996-12	1996	http://revije.muzej.si/Svet kompjutera/SK-1996-12.pdf
Svet kompjutera PDF	Revija	1996-06	1996	http://revije.muzej.si/Svet kompjutera/SK-1996-06.pdf
Svet kompjutera PDF	Revija	1986-03	1986	http://revije.muzej.si/Svet kompjutera/SK-1986-03.pdf
Svet kompjutera PDF	Revija	1988-12	1988	http://revije.muzej.si/Svet kompjutera/SK-1988-12.pdf
Svet kompjutera PDF	Revija	1988-06	1988	http://revije.muzej.si/Svet kompjutera/SK-1988-06.pdf
Svet kompjutera PDF	Revija	1988-07	1988	http://revije.muzej.si/Svet kompjutera/SK-1988-07.pdf
Svet kompjutera PDF	Revija	1986-02	1986	http://revije.muzej.si/Svet kompjutera/SK-1986-02.pdf
Svet kompjutera PDF	Revija	1996-07	1996	http://revije.muzej.si/Svet kompjutera/SK-1996-07.pdf
Svet kompjutera PDF	Revija	1994-02	1994	http://revije.muzej.si/Svet kompjutera/SK-1994-02.pdf
Svet kompjutera PDF	Revija	1994-12	1994	http://revije.muzej.si/Svet kompjutera/SK-1994-12.pdf
Svet kompjutera PDF	Revija	1994-06	1994	http://revije.muzej.si/Svet kompjutera/SK-1994-06.pdf
Svet kompjutera PDF	Revija	1986-07	1986	http://revije.muzej.si/Svet kompjutera/SK-1986-07-08.pdf
Svet kompjutera PDF	Revija	1996-03	1996	http://revije.muzej.si/Svet kompjutera/SK-1996-03.pdf
Svet kompjutera PDF	Revija	1988-03	1988	http://revije.muzej.si/Svet kompjutera/SK-1988-03.pdf
Svet kompjutera PDF	Revija	1986-06	1986	http://revije.muzej.si/Svet kompjutera/SK-1986-06.pdf
Svet kompjutera PDF	Revija	1986-12	1986	http://revije.muzej.si/Svet kompjutera/SK-1986-12.pdf
Svet kompjutera PDF	Revija	1988-02	1988	http://revije.muzej.si/Svet kompjutera/SK-1988-02.pdf
Svet kompjutera PDF	Revija	1996-02	1996	http://revije.muzej.si/Svet kompjutera/SK-1996-02.pdf
Svet kompjutera PDF	Revija	1994-07	1994	http://revije.muzej.si/Svet kompjutera/SK-1994-07.pdf
Svet kompjutera PDF	Revija	1994-05	1994	http://revije.muzej.si/Svet kompjutera/SK-1994-05.pdf
Svet kompjutera PDF	Revija	1994-11	1994	http://revije.muzej.si/Svet kompjutera/SK-1994-11.pdf
Svet kompjutera PDF	Revija	1991-09	1991	http://revije.muzej.si/Svet kompjutera/SK-1991-09.pdf
Svet kompjutera PDF	Revija	1986-11	1986	http://revije.muzej.si/Svet kompjutera/SK-1986-11.pdf
Svet kompjutera PDF	Revija	1986-05	1986	http://revije.muzej.si/Svet kompjutera/SK-1986-05.pdf
Svet kompjutera PDF	Revija	1986-04	1986	http://revije.muzej.si/Svet kompjutera/SK-1986-04.pdf
Svet kompjutera PDF	Revija	1986-10	1986	http://revije.muzej.si/Svet kompjutera/SK-1986-10.pdf
Svet kompjutera PDF	Revija	1988-01	1988	http://revije.muzej.si/Svet kompjutera/SK-1988-01.pdf
Svet kompjutera PDF	Revija	1996-01	1996	http://revije.muzej.si/Svet kompjutera/SK-1996-01.pdf
Svet kompjutera PDF	Revija	1994-10	1994	http://revije.muzej.si/Svet kompjutera/SK-1994-10.pdf
Svet kompjutera PDF	Revija	1994-04	1994	http://revije.muzej.si/Svet kompjutera/SK-1994-04.pdf
MicroComputer World PDF	Revija	1991-06	1991	http://revije.muzej.si/MicroComputer World/MCW-1991-06.pdf
Pilot video PDF	Revija	05		http://revije.muzej.si/Pilot video/PV-05.pdf
Pilot video PDF	Revija	04		http://revije.muzej.si/Pilot video/PV-04.pdf
Pilot video PDF	Revija	03		http://revije.muzej.si/Pilot video/PV-03.pdf
Mala računala PDF	Revija	01		http://revije.muzej.si/Mala računala/MR-01.pdf
Mala računala PDF	Revija	02		http://revije.muzej.si/Mala računala/MR-02.pdf
